807521660	第1章 择徒
807534869	第2章 火虎牙
807526436	第3章 青璃坊
807534855	第4章 命本
807643076	第5章 来犯
807701319	第6章 返乡
807712400	第7章 结亲
807730040	第8章 玄祈雷木
807773149	第9章 贺寿
807798896	第10章 喘息之机
807852055	第11章 炼物
807908558	第12章 宝树
807931955	第13章 服丹
808011551	第14章 莲花寺
808037875	第15章 礼成
808063696	第16章 魔性
808140491	第17章 虫害
808186323	第18章 真人
808218914	第19章 入命
808238439	第20章 回春来人
808286635	第21章 物阵
808336169	第22章 柳家
808355993	第23章 福炁灵泉
808410859	第24章 巫荒谋划
808436290	第25章 后辈
808554810	第26章 将启
808594067	第27章 长生观
808643937	第28章 地宫
808792559	第29章 落毒
808846550	第30章 洗练
808888823	第31章 事毕
808985721	第32章 蛊毒
809040528	第33章 兽蛊
809144578	第34章 谋划
809157598	第35章 授篆
809161291	第36章 天妖
809304877	第37章 洞渊
809443302	第38章 大溟泽
809527796	第39章 化身
809603809	第40章 拜师
809687093	第41章 大月光寺
809770547	第42章 布局
809840862	第43章 火鸦
809917446	第44章 登天
810020664	第45章 观律
810159504	第46章 藏经
810253678	第47章 安排
810346741	第48章 卫家
810414935	第49章 空空儿
810519711	第50章 卫法言
810630614	第51章 收徒
810758409	第52章 扩收
810811287	第53章 空剑
810973233	第54章 器灵
811045470	第55章 赤卵
811163726	第56章 风氏
811287527	第57章 试剑
811319748	第58章 宵灯
811514700	第59章 樊师
811615284	第60章 府邸
811640249	第61章 将入
811680055	第62章 宝船
811792553	第63章 劫池
811830912	第64章 赞啰
811965790	第65章 未济
811967971	第66章 上架感言
811968751	第67章 得丹
811992932	第68章 化丹
812036932	第69章 天宫
812050145	第70章 玄炁
812151517	第71章 南汪洋
812200334	第72章 采珠地
812358052	第73章 银珠
812405832	第74章 返程
812467751	第75章 听心
812504648	第76章 精怪
812602768	第77章 会面
812618398	第78章 时机
812697123	第79章 小莲因净土
812733676	第80章 蓄势
812841034	第81章 渊血丹
812860517	第82章 血炁之变
812921227	第83章 破阵
812932279	第84章 遗骸
813040181	第85章 护法
813079777	第86章 天魔
813166786	第87章 界分
813186750	第88章 羊相
813288911	第89章 符落
813304001	第90章 建堂
813415588	第91章 突破
813494844	第92章 剑渊
813628379	第93章 岳峙
813693246	第94章 定光
813765799	第95章 出关
813905368	第96章 乱象
813923134	第97章 栓马
813980584	第98章 观礼
813997106	第99章 虫迹
814083746	第100章 金剑
814163330	第101章 垂线
814209654	第102章 破虚
814430397	第103章 入池
814470411	第104章 坠落
814680385	第105章 赤明府
814698916	第106章 相杀
814728751	第107章 剑落
814946248	第108章 筑基
814973723	第109章 贺礼
815045581	第110章 剑解
815058359	第111章 谷中
815128317	第112章 檐蛇
815250517	第113章 制蛊
815281803	第114章 溟泽法旨
815456812	第115章 世仪
815487728	第116章 公孙
815598326	第117章 剑器
815622083	第118章 盘恒
815716121	第119章 青郁
815736977	第120章 张生
815839777	第121章 残片
816013270	第122章 白青
816034959	第123章 行远
816103327	第124章 一别
816116701	第125章 怒火
816234434	第126章 围困
816268901	第127章 黑暗
816312944	第128章 近之
816462140	第129章 云露
816515514	第130章 渊光
816557463	第131章 商羊
816570632	第132章 阻道
816678510	第133章 献祭
816798343	第134章 族灭
816866060	第135章 冥毒火池
816877187	第136章 归家
816975829	第137章 段家
816990782	第138章 化雨
817232227	第139章 中心
817400405	第140章 痴心
817507745	第141章 咒言
817749130	第142章 神像
817798076	第143章 残信
817809991	第144章 枢蠢
818031943	第145章 天殛
818073849	明天请假一天
818220988	第146章 逍遥
818263451	第147章 扶尘
818331622	第148章 前夕
818342253	第149章 攻山
818365087	第150章 上洊
818359822	第151章 得山
818594886	第152章 府落
818714960	第153章 火童
818737759	第154章 北海
819001691	第155章 霄鸟
819107838	第156章 天蓬
819296659	第157章 离去
819370163	第158章 结亲
819384482	第159章 羲焰
819539996	第160章 试炼
819561671	第161章 仙将
819640509	第162章 使者
819653976	第163章 渡劫
819715279	第164章 炼体
819724331	第165章 洗剑
819775637	第166章 五凿
820002153	第167章 焚法
820230625	第168章 混窍
820279369	第169章 裂缝
820310682	第170章 呼唤
820312909	第171章 地府
820718029	第172章 轮回
820770338	第173章 入水
820920463	第174章 众相
820994156	第175章 出世
821154026	第176章 丹炉
821168994	今日无更了，后面会补上。
821241878	第177章 位业
821262055	第178章 问剑
821432744	第179章 天枢
821462873	第180章 天蓬
821586157	第181章 婚事
821623097	第182章 归去
821769361	第183章 伏易
821807668	第184章 血光
822115805	第185章 风动
822158006	第186章 族人
822313918	第187章 圣人
822343822	第188章 破阵
822434922	第189章 复苏
822445121	第190章 再入
822502001	第191章 迁移
822516987	第192章 净土
822657505	第193章 剑起
822678446	第194章 仙铡
822849137	第195章 古碑
822946420	第196章 拜访
823034878	第197章 送至
823182533	第198章 赐篆
823206854	第199章 比试
823265744	第200章 仪婉
823306938	第201章 争义
823386526	第202章 青虺
823397437	第203章 大荒海
823460828	第204章 珊鲛
823477331	第205章 旧部
823589521	第206章 光余
823623927	第207章 韩家
823873250	第208章 蜮
823892383	第209章 石人
823994180	第210章 神合
824028439	第211章 封海
824133619	第212章 邀请
824186655	第213章 旧事
824228268	第214章 闭关
824286253	第215章 祭礼
824387968	第216章 剑宗
824413737	第217章 太平
824515681	第218章 蓐肃
824639998	第219章 世子
824761204	第220章 袁公
824917853	第221章 生死
824943834	第222章 灵佑
825088248	第223章 古越
825104495	第224章 清娥
825223423	第225章 无疑
825255677	第226章 入山
825397689	第227章 见碑
825457578	第228章 司劫府
825529745	第229章 长云旧事
825542707	第230章 剑池
825632037	第231章 地荒道人
825643795	第232章 何用
825701408	第233章 五毒道身
825717055	第234章 真人上门
825782298	第235章 曜空
825792943	第236章 剑藏
825849341	第237章 寻迹
825860279	第238章 争执
825917413	第239章 耳中
825927560	第240章 妙手
825980475	第241章 白纸福地
826045962	第242章 败降
826060872	第243章 死木
826112731	第244章 天辰
826168040	第245章 五行山
826242197	第246章 火灵上阵
826254973	第247章 破阵
826313666	第248章 天求焰
826328717	第249章 追命锁
826487835	请假一天，整理下大纲，明天加更
826525624	第250章 见星
826569316	第251章 曜空府现
826581374	第252章 空了
826629961	第253章 阵启
826660367	第254章 无空剑经
826755785	第255章 燎原
826783006	第256章 宙光流速
826898348	请假一天，周末两天加更补上
826874628	第257章 往逝
827048665	第258章 恒明光仪
827210999	第259章 奉玄
827234331	第260章 曜空
827257381	第261章 归来
827326057	第262章 止戈
827340298	第263章 右弼
827451644	第264章 望关
827470786	第265章 西蔚
827485453	第266章 景冥之乱
827570367	第267章 压注
827622781	第268章 绍月
827728863	第269章 道统次第
827753084	第270章 怪人
827854356	请假一天，周末加更
827902939	第271章 古柳
828029994	第272章 齐墓
828102366	第273章 祈霖
828117581	第274章 承露
828129303	第275章 紫金观
828204814	第276章 玄雷
828220106	第277章 始玄
828227483	第278章 牢中
828335574	第279章 水晶宫
828353443	第280章 东方琼莲
828470498	第281章 肉身
828481523	第282章 第一大刑
828665246	第283章 亡国之末
828700213	第284章 阴兵
828969743	第285章 祜济
829371393	第286章 起兵
829393885	第287章 天炳为剑
829406423	第288章 泰衡
829485281	第289章 死生
829500505	第290章 飞剑
829578724	第291章 白泽图
829597914	第292章 玄雷部众
829803494	第293章 太白经天
829815964	第294章 观刑
830036108	第295章 归一
830053187	第296章 天牢
830166711	第297章 道纲
830181886	第298章 古魔
830296297	第299章 血炁源流
830309913	第300章 诛魔
830457715	家里有事，请假一天
830623577	第301章 寒锡
830635215	第302章 神雷之极
830656405	第303章 试法
830734237	第304章 求道
830747559	第305章 破胎
830888275	第306章 北斗雷位
830900863	第307章 斗杀注死
830922338	第308章 上路
831062643	第309章 体面
831243562	第310章 煮海
831264850	第311章 东华妙严
831410408	第312章 困龙
831404883	第313章 重逢
831541429	第314章 道理
831560747	第315章 天人之法
831647225	第316章 从劫
831659269	第317章 妖氛
831775503	第318章 雾中
831826358	第319章 异常
832138215	第320章 巴蛇
832154375	第321章 神游
832165403	第322章 降怪
832170453	第323章 天人临凡
832476381	第324章 玄炁第一显
832542896	第325章 转生
832599759	第326章 提锋之请
832727735	第327章 妖疑
832785463	第328章 紫府劳力
832886788	第329章 穆虚
833019260	第330章 恶客
833039169	第331章 灵器之谋
833133734	第332章 相剑
833147902	第333章 大局
833176191	第334章 南罔
833297492	第335章 定亲
833355256	第336章 雷中隐鳞
833436673	第337章 握雷局
833588717	第338章 元姆
833631893	第339章 圣土
833588264	请假一天
833841648	第340章 明夷
833978815	第341章 燥阳
834012377	今天无更了，加更往后推迟。
834011438	第342章 假局
834183710	第343章 均平阴阳
834261598	第344章 玄炁何显
834375793	第345章 龙庭
834411930	第346章 溟云
834495297	第347章 壬泽
834535309	第348章 仙锋
834625036	第349章 列缺
834701474	第350章 抽筋
834835931	第351章 雷局初成
834870217	第352章 霍闪
834960521	今天卡文了，明天加更
835009999	第353章 入主天池
835039999	第354章 图南
835052117	第355章 幽鲸
835179279	第356章 转世上霄
835203350	第357章 元木
835409675	第358章 建岁
835449486	第359章 大乐欲
835603857	请假一天，明天三更
835748171	第360章 智性
835776261	第361章 太阴仙娥
835793448	第362章 诛魔
835859225	第363章 贪恶
835943996	第364章 魔口
835960680	第365章 入画
835960765	第366章 北阴
835960973	第367章 雷部之问
836053920	第368章 对位
836210301	第369章 道境
836340045	第370章 远观混天
836409589	第371章 好玩
836535579	第372章 毕方
836507445	第372章 迁去
836654665	第373章 长流
836677337	第374章 平休
836810537	第375章 天律
836832514	第376章 律成
836900056	第377章 无咎
837008436	第378章 明晦
837101209	第379章 曜沉
837139672	第380章 鸱枭
837318813	第381章 晦明之变
837335653	第382章 灵济
837459854	第383章 三山
837488984	第384章 元山道统
837600199	第385章 天问
837676232	第386章 彩云城
837720477	第387章 情恨
837797319	第388章 木德
837821772	第389章 青元
837880404	第390章 垂钓
837904974	第391章 围杀
838021645	第392章 炼山
838052973	第393章 溟涬
838271729	第394章 龙相（二合一）
838462997	第395章 太苍
838483881	第396章 灵库
838497982	第397章 恶君
838647843	第398章 大曜
838682580	第399章 血胎
838795444	第400章 焰仙
838819753	第401章 门变
838895530	第402章 定序
838917016	第403章 阴凝
839004051	第404章 子嗣
839026053	第405章 神广
839185172	第406章 赵戚
839207800	第407章 闻幽
839320142	第408章 入海
839376409	第409章 兜天
839444040	第410章 魔道
839454593	第411章 复燃
839656936	第412章 龙形
839663124	第413章 降海
839726173	第414章 海都
839745838	第415章 提婆洲
839829336	第416章 至怒天
839843307	第417章 尊者
839910186	第418章 太宇
839943945	第419章 水火
840013259	第420章 脱身
840028006	第421章 昆池之灰
840053532	第422章 四息
840157873	第423章 对峙
840266070	第424章 日蚀
840293258	第425章 宇性
840407343	第426章 龙蜕
840507621	第427章 道君
840571296	第428章 刹怒水火
840610693	第429章 寒兴
840657641	第430章 立伏二性
840742602	第431章 所缺
840791777	第432章 南天苍星
840875173	第433章 北辰四道
840940419	第434章 悬天混雷
841014284	第435章 龙心
841115946	第436章 白缟
841143827	第437章 东玄
841241807	第438章 道显法身
841266752	第439章 钧峰
841329503	第440章 谪罚
841508286	第441章 坐观
841521365	第442章 清源
841581921	第443章 青羊
841605688	第444章 泰清
841737583	第445章 谪刑
841743735	第446章 北雷
841863171	第447章 稷现
841873530	第448章 纪史
841980505	第449章 天眼
842115487	第450章 雨近
842260016	第451章 雷印
842364595	第452章 无色
842381628	第453章 兴盛
842456293	第454章 长辈
842473741	第455章 丹法
842542365	第456章 绸缪
842563060	第457章 道子
842699164	第458章 会见
842740517	第459章 社雷孤悬
842865201	第460章 求玄
842954822	第461章 路尽
842982684	第462章 白青见雷
843094934	第463章 天晷澄光
843129952	第464章 众阳
843290872	第465章 丙光
843327203	第466章 存身
843376583	第467章 炼霞
843394946	第468章 烛阴
843597663	第469章 蓬莱
843610741	第470章 神霞昭彩
843689892	第471章 天开
843709190	第472章 清戊八九
843729537	第473章 随后
843845468	第474章 太阳之威
843886926	第475章 玄印
843986646	第476章 六畜
844115524	第477章 正仪
844302203	第478章 除虫
844330663	第479章 分化
844407747	第480章 道标
844418654	第481章 多宝
844481250	第482章 青云
844614329	第483章 恶煞
844647263	第484章 天衰阴烛
844712249	第484章 领剑
844764423	第485章 白毅
844899527	第486章 塑体
844951658	第487章 金人
845065048	第488章 清仪玄机
845110668	第489章 黑律
845186241	第490章 仙降
845251293	第491章 正音
845281883	第492章 对等
845357945	第493章 坐地起价
845419872	第494章 朱仪之器
845509092	第495章 见血
845583416	第496章 龙宫威仪
845624321	第497章 纠虔刑
845684957	第498章 雷作何解
845760469	第498章 悬混
845860334	第499章 入泽
845917455	第500章 求金之意
845997929	第501章 天叶
846036053	第502章 临昼
846105229	第503章 密事
846130510	第504章 失应
846202732	第505章 成礼
846311185	第506章 天根
846387044	第507章 心剑在握
846509301	第508章 五岳
846540809	今天一更
846654050	第509章 灵根
846677086	第510章 东极正阳
846774558	第511章 天讨之金
846892478	第512章 居位北斗
846965529	第513章 长孙
847010600	第514章 真火之争
847089193	第515章 阴世金血
847199246	第516章 诸金显化
847312890	第517章 妖邪
847348867	第518章 清雨
847610248	第519章 元虫
847585116	第520章 因天铸剑
847762914	第521章 火君
847779143	第522章 炎血
847864361	第523章 异常
847916685	第524章 恶土
848062050	第525章 魔性（合一）
848169953	第526章 无常二使
848193114	第527章 殆武
848277197	第528章 炎继
848298085	第529章 剑成
848394065	第530章 成器
848447045	第531章 清升
848592534	请假一天，整理细纲，周末两天补更
848573638	第532章 凤山
848729086	第533章 洊合旧秘
848886418	第534章 煞渊
848917271	第535章 孔雀
849021055	第536章 碧云
849068592	第537章 元木为躯
849142264	第538章 泱海
849167394	第539章 玄血
849178457	今天码字时间晚了，加更往后推
849246402	第540章 观剑
849269507	第541章 化劫
849409549	第542章 雷法
849436733	第543章 光焰
849538783	第544章 炳霄
849619872	第545章 巫南
849700476	第546章 青阳
849799208	第547章 离擢
849963065	第548章 玄机
850046884	第549章 大赤天
850147185	第550章 玄一
850177920	第551章 白沧海
850254475	第552章 战线
850270721	第553章 朱遽
850432038	第554章 愁汐
850461679	第555章 听潮
850554307	第556章 逆劫
850683685	第557章 魔关
850727525	第558章 叶遗
850820800	第559章 舍弃
850855597	今天更新慢了，不好意思
850903683	第560章 旧日雷罚
851076733	第561章 我心在玄
851164078	第562章 庚平
851179012	第563章 太白故金
851247093	第564章 少太之寒
851265953	第565章 道在奇恒
851420621	第566章 送寒
851394499	第567章 南都
851500647	第568章 君上
851580483	还有一更比较晚
851592116	第569章 青羊首徒
851690088	第570章 险地
851707633	第571章 净荧
851803530	第572章 炳蔚
851879140	第573章 初海
852226446	第574章 遗梨
852274002	第575章 郁木
852337746	第576章 循变
852354257	第577章 成胎
852475386	卡文了，请假一天
852445871	第578章 旧木之血
852646764	第579章 我敬幽羊
852807182	第580章 叶落
852849982	今天有事耽搁了，改为一更，明天补上
852929181	第581章 承仪闲华
852967793	第582章 龙归
853089221	第583章 脱困
853115336	第584章 作终阴
853172565	第585章 悬空
853288430	有点难受，还有一更推迟到明天
853339821	第586章 蕴乞
853358268	第587章 灵源
853429559	第588章 寻魔
853458300	第589章 杀孽
853575024	第590章 化魔
853594823	第591章 剿绝
853823067	请假一天
853823305	第592章 霄落
854007085	第593章 寡恩
854082954	第594章 复窍求真
854136224	第595章 奇恒下论
854282893	第596章 求社之心
854297144	第597章 司劫处
854388487	第598章 玄补
854400997	第599章 龙孽
854420046	第600章 瀚壬
854514887	加更推迟到明天，卡文了
854494880	第601章 玄叶
854646264	请假一天，欠的更新后面补
854750965	第602章 甲破
854795127	第603章 拦路
854923539	第604章 广木之位
854936879	第605章 炎归
855062927	第606章 交辉
855107514	第607章 燥气
855261747	第608章 玄丹
855279051	第609章 龙争
855364318	第610章 妖星
855380274	第611章 入混
855461655	第612章 雷虚
855463071	第613章 晔光
855631222	第614章 齐物
855855504	第615章 杀心
855876756	今天一更，不用等了
855951563	第616章 五体
856021303	第617章 体用
856231295	第618章 述雷
856249734	第619章 魔雷
856392312	第620章 霄精
856453173	第621章 代辰
856687126	第622章 刑礼
856723773	第623章 青翁
856845656	第624章 长茂
856866434	第625章 故楚
857201935	第626章 丙力
857231890	第627章 恶念
857466603	第628章 门中木
857646510	第629章 天地之稳
857684822	第630章 建
857898204	第631章 尊就甲广
857973637	第632章 闲
857982811	第633章 震行
858124962	第634章 出境
858248629	请假一天，整理细纲，明后两天加更
858338763	第635章 再续
858354447	第636章 化育
858536728	第637章 殆成
858553966	第638章 广变
858751578	第639章 甲位
858857444	第640章 不惜
858864927	中午还有一章
858862013	第641章 白峻
858983491	第642章 位在中央
859090490	第643章 问尸
859261337	第644章 作丹
859271500	今天一更，周六周日加更
859290602	第645章 求奇
859440697	第646章 阴灯
859517317	第647章 幽羊
859539886	第648章 明
859635179	第649章 太玄
859631307	第650章 魏氏
859802944	第651章 受体
859826700	第652章 白月
859919927	第653章 戊磁
860163142	第654章 入渊
860198403	还有一更，明天中午发
860265143	第655章 调令
860386212	第656章 槃复
860421548	第657章 东苍
860570595	第658章 实威
860589618	还有一更，明天中午发
860625404	第659章 羽
860655838	第660章 省羽
860682048	第661章 诏令
860758693	第662章 旧箓
860788389	今天一更，不用等了
860917902	第663章 五太
861327642	第664章 纠虔
861587673	第665章 大阵
861656763	第666章 斩亲
861789290	第667章 布置
861786765	第668章 化生
862041000	明天开始恢复正常更新
862097850	第669章 混变
862183804	第670章 蜀势
862289239	第671章 物我两忘
862316595	第672章 壬中日月
862415328	第673章 日食
862473442	第674章 魔渊
862594870	第675章 嘱咐
862633035	第676章 社难替
863018305	今天赶路回家，更新会比较迟
863098031	第677章 真坎
863122807	4号开始补更和加更
863188147	第678章 征起
863209427	第679章 求道
863281225	第680章 巫术
863313551	第681章 出阵
863317224	第682章 戒律
863329510	第683章 畏因
863379765	第684章 长决
863415750	还有一更，明天中午发
863409384	第685章 古兑
863467672	第686章 尸傀
863502528	还有一更明天下午发
863541759	第687章 身入道外
863564137	第688章 降杀
863597306	还有一更明天发
863637212	第689章 造化胎
863667610	第690章 化滔
863751813	第691章 影魔
863830564	第692章 死河
863909930	第693章 无形
864026174	第694章 战局
864130962	第695章 不死之方
864223433	第696章 封侯
864375267	第697章 青华玄火
864454872	第698章 落苍道藏
864557228	第699章 玄明之道
864590383	第700章 拓跋
864727662	请假一天
864725758	第701章 在丙为熯
864845557	第702章 金竹
864965965	第703章 金德
865076161	第704章 姜许
865102731	第705章 青童
865184003	第706章 涉险
865191246	第707章 猜疑
865199062	第708章 许祠
865398510	第709章 道争
865420522	第710章 设杀
865590330	请假一天
865690448	第711章 东苍相会
865722016	第712章 乙杀
865892855	第713章 四证
866066538	第664章 护道
866085345	今天一更
866154848	第714章 建戊
866169499	第715章 月湖
866274748	请假一天
866272729	第716章 行海
866471251	第717章 神杀
866627953	第718章 感应
866648811	第719章 暮色
866796339	第720章 木火
866818550	第721章 元让
866939259	第722章 梓
867127450	第723章 祥眚
867150135	第724章 雨
867451632	第725章 门中日月
867634238	第726章 幽邪
867762224	第727章 煞申
867776124	第728章 刑
867950780	第729章 坟
867993761	第730章 忘形
868207628	第731章 胜满
868226406	第732章 玄许
868532880	请假一天
868679610	第733章 血
868697863	第734章 许氏
868935412	第735章 秘境
868978838	第736章 至性
869082323	第737章 夏临
869092717	第738章 第七
869177976	明天中午更新
869202835	第739章 辽卫
869313288	身体不适，少更一章
869431244	第740章 天杀
869614756	第741章 解恨
869826217	请假一天
869626061	第742章 剐龙
870003768	第743章 血祸
870133266	第744章 作誓作契
870225779	第745章 庚杀
870317408	第744章 求毕
870410620	第746章 僧道
870438870	第747章 夏业
870899601	第748章 古巫
871020297	第749章 虚监
871081553	第750章 天君
871205669	第751章 缺一
871305020	第752章 头筹
871378183	第753章 祸毒本质
871541760	第754章 金得其杀
871570059	第755章 离如弃
871655750	第756章 祸位
871810030	第757章 我拒
871858977	第758章 入蜀
871967081	第759章 无形
872009152	第760章 汝道有错
872143233	第761章 太始之道
872173343	第762章 灵萨帝业
872246108	第763章 蜀变
872276447	第764章 不自知
872463120	第765章 羊餐
872534134	第766章 天舟
872695734	第767章 三魔
872782319	第768章 福临
872813779	第769章 上命
872931105	第770章 三拜
873144508	第771章 两谒
873644092	第772章 上元灯会
873670347	第773章 福星高照
873770698	第774章 善功
873958816	第775章 盛衰
874170459	请假一天
874240483	第776章 覆障
874261433	第777章 杀妖
874269591	第778章 燠隐
874362377	第779章 象钥
874545911	身体不适，请假一天
874461491	第780章 虚山
874690108	第781章 宇河
875097764	第782章 紫天
875117568	第783章 邪魔外道
875301146	第784章 大衍问道
875456742	第785章 蕴途
875516942	第786章 逃遁
875534641	第787章 回应
875631047	第788章 羊尸
875941051	请假一天
875977532	第789章 太易
876017034	第790章 普度
876162667	第791章 门
876195970	第792章 叶仙真
876303757	第793章 一世劫
876419064	第794章 叶散
876524642	第795章 拜谒
876542634	第796章 焚弃之兽
876537982	一些话
876622908	第797章 均与不均
876732423	第798章 荧惑
877011373	第799章 有征
877027825	第800章 神昊
877161558	第801章 离誓
877195181	第802章 自焚
877368804	请假一天
877311043	第803章 弥陀相
877554906	第804章 三业心
877484983	第805章 大贤野
877677086	第806章 首战
877790894	第807章 倒悬
877804248	第808章 太史书
877919751	第809章 五用
878162642	请假一天
878240035	第810章 雷音
878273807	第811章 天行健
878762673	第812章 血脉
878697035	第813章 神位
878857118	请假一天
878974829	第814章 原始之门
878991102	今天一更
879079050	第815章 元遂
879097937	第816章 广宫
879213257	第817章 还幽
879361190	第818章 纤尘
879374171	第819章 司白兑金西悦
879492171	第820章 拜迎
879506468	第821章 太戎铠
879651393	第822章 天庚灭杀
879815416	第823章 金首
879958177	请假一天
880011499	第824章 一道之主
880029310	第825章 无戈
880079651	第826章 公冶小年
880251870	第827章 孳土
880266207	第828章 伤
880322920	第829章 国都
880399542	第830章 归山
880538297	第831章 教训
880577659	第832章 苛丙
880904338	第833章 五金六齐
881025630	第834章 仰止
881067160	第835章 底蕴
881213869	第836章 兽显
881314902	第837章 世尊
881339651	第838章 燃尽
881538303	请假一天，周末补更
881502840	第839章 南帝
881606863	第840章 暗谋
881617924	第841章 太一
881648522	第842章 筹备
881747902	第843章 宴祭
881946981	第844章 祸福之变
881929542	第845章 狼窥
882121707	第846章 五太先天
882296396	第847章 参与
882328144	第848章 目标
882422869	第849章 难等
882517264	第850章 古今
882556598	第851章 观洊
882764770	第852章 寒门
882903675	身体不适，请假一天
882991676	第853章 自省
883026754	第854章 启决
882969544	第855章 于兑
882982595	第856章 错金
883337316	第857章 泽中
883356248	第858章 断剑
883443844	第859章 向北
883984517	第860章 幽阴
884124293	第861章 麟山
884763053	第862章 神辟
886130956	请假一天，周末补更
886572799	第863章 雷霆
886856740	第864章 审判
886981681	第865章 远行
887064437	第866章 梣变
887369716	第867章 有离一朝
887449851	第868章 惊梦
887859059	更新比较晚，可能到早上了
887829755	第869章 诏令
888010703	第870章 南明
888030547	第871章 苍乙
888175754	第872章 不负
888298927	第873章 孤与群
888346242	第874章 我有何惧
888385385	加更推到明天
888423500	第875章 稷妙
888439797	第876章 帝出
888518405	第877章 不退
888532979	第878章 称孤
888622452	请假一天
888673518	第879章 朱雀与白狼
888692973	第880章 意志
888757151	第881章 应离之凶
888767021	第882章 永夏
888830819	第883章 造化
888928843	第884章 三世身
888949114	第885章 曲草
889028102	第886章 虚神入祸
889116897	第887章 扮鬼
889138939	第888章 回想
889210813	第889章 连理相思
889230171	第890章 寅木
889360970	第891章 仿证
889528556	第892章 吾为罹
889678055	第893章 显道
889706146	第894章 日昃
889832077	第895章 应谶
890040474	剧情一阶段结束了
890237674	第896章 原胎
890802461	第897章 魔走
890813173	第898章 契誓
890991821	请假一天
890984549	第899章 血
891119894	第900章 震主
891283767	今天更新比较迟，还是万更
891271819	第901章 太凝
891318114	第902章 欲天
891324046	第903章 还幽
891526037	第904章 姜火
891684614	第905章 法准
891809498	请假一天，后天补更
891941667	第906章 因人
891985833	第907章 藏金第一
891994960	第908章 平密
892106212	第909章 福地
892206361	第910章 夏临
892347674	第911章 斩勘
892544955	第912章 青霞
892779887	第913章 真迹
892825945	第914章 雷号
892946889	第915章 室溼
893025174	第916章 正法
893048079	第917章 有诛
893145317	第918章 承号
893145479	第919章 莫忘
893574352	第920章 化果
893796149	第921章 仿身
893797873	第922章 第四魔
893990314	第923章 推衍
894169318	第924章 魔尽
894212938	第925章 三刻
894395293	第926章 斋醮
894415556	第927章 求药
894545195	第928章 忌木变化
894568023	第929章 道往灵萨
894650224	第930章 一言否之
894927394	第931章 诚意
895008949	第932章 生死之剑
895115172	第933章 试法
895351274	第934章 交泰
895434950	第935章 封禅
895670268	第936章 初明
895862480	请假一天，整理细纲
895946050	第937章 坦露
895960390	第938章 倏忽
896129483	第939章 混炁之性
896204260	第940章 方术道统
896378807	第941章 逼迫
896937844	第942章 青璘
896975978	第943章 内外魔
897113497	请假一天，明日补更
897221106	第944章 七玄
897258028	第945章 复姤
897349701	第946章 同证尊果
897461686	第947章 传道
897578908	第948章 仙法
897600731	第949章 旧子
897709302	第950章 有见
897880893	身体不适，请假一日
898081512	第951章 论道
898114263	身体不适，补更推迟
898300275	第952章 装神弄鬼
898560982	身体不适，请假一日
898661294	第953章 三彭
898777213	第954章 入梦
898807259	第955章 玄衃
898896596	第956章 诸事
898914023	第957章 直面
899049625	第958章 向北
899279902	第959章 孽
899568663	第960章 腾变
899713520	第961章 胜世魔胎
899990192	第962章 震行有终
900025511	第963章 混天坠落
900102692	第964章 后天大争
900152583	第965章 变伤为启
900228014	第966章 靖
900257175	证道了
900256088	第967章 败者
900331958	感谢盟主
900431781	第968章 追伐
900578684	第969章 分海
900676224	第970章 盘陆
900898915	第971章 玄启天
901045846	第972章 脐
901088905	第973章 东华道
901316800	第974章 雷落
901440333	第975章 玄出
901483153	第976章 鬼走
901617088	第977章 四庙
901863055	第978章 古巫
902060632	第979章 清禄
901962406	第980章 安
902256061	第981章 中土
902182209	第982章 后嗣
902421942	第983章 绍华
902893847	身体不适，请假一日
902870391	第984章 雷霆之事
903098859	第985章 不速之客
903204764	第986章 黄泉
903231952	第987章 蕴位
903384590	第988章 立道
903399182	第989章 夏拓
903473417	第990章 猖傩
903580496	第991章 燥动
903688415	第992章 大夜
904013112	第993章 礼器
904072299	第994章 长焀
904168731	第995章 世怖
904200405	第996章 立道
904381043	第997章 逍遥
904589797	第998章 子夜
904787308	第999章 威权之极
904947951	第1000章 面相
905038796	第1001章 古神
905162016	第1002章 河图
905207738	第1003章 混乱
905365479	身体不适，请假一天
905466796	第1004章 无为制
905479418	第1005章 戊相
905544968	第1006章 宁事
905671227	第1007章 三枢
905791310	第1008章 传理授德
905987621	请假一天，整理大纲
906123587	第1009章 青女
906350755	第1010章 启蛰
906437777	第1011章 化道
906636878	第1012章 纪史
906660847	第1013章 入蜀
906737080	第1014章 返蕴
906777103	第1015章 长子
906923543	第1016章 蕴死
907047820	第1017章 后土
907185647	第1018章 上灵
907289630	第1019章 设榜
907442091	第1020章 漓
907478520	第1021章 九重霄
907663845	第1022章 科仪
907851204	第1023章 羌
907869956	第1024章 新王
907984831	第1025章 变故
908022490	第1026章 六道
908517131	请假一天
908577864	第1027章 白马
908734873	第1028章 虚假
908740561	第1029章 现实
908970886	第1030章 借假
909108920	第1031章 轮回
909170793	第1032章 大炎
909334219	第1033章 玄钰
909386651	第1034章 磨
909573014	第1035章 无上魔因
909686839	第1036章 冥事
909710203	第1037章 阴天子
909822219	第1038章 玄乙
909857545	第1039章 私门难入
910007257	第1040章 编织
910167974	请假一日
910390290	第1041章 诸真
910561218	第1042章 元虫
910743457	第1043章 白玉局
910756969	第1044章 玲珑山
910875411	第1045章 玉虚
910979401	第1046章 时辰
911228841	第1047章 神狂
911251491	第1048章 素姮
911385546	第1049章 阴变
911404051	第1050章 脐
911577401	第1051章 立楼
911614750	第1052章 第一巫者
911630221	第1053章 天纪历史
911704150	第1054章 虚皇
911770616	第1055章 世稔
911878786	请假一日，明天补更
911969298	第1056章 裁衣之始
911995790	第1057章 殆争
912027222	还有一更，睡醒再补
912094633	第1058章 大战
912158612	第1059章 磨盘
912262166	第1060章 劫运
912384364	第1061章 魔主
912658954	第1062章 贵金
912727881	第1063章 补全
912816783	第1064 章 合寒
913102957	第1065章 无疆
913202794	第1066章 神化
913307790	第1067章 大圣遗角
913343765	第1068章 无上功业
913474229	第1069章 炎事
913700281	第1070章 离决
913947301	明天继续加更，求月票。
914328248	第1071章 清岑
914372401	第1072章 跃成
914532526	第1073章 执齐
914493221	第1074章 入盘
914715254	第1075章 监守
914841482	第1076章 奥室
914863178	第1077章 阴阳事
914992757	第1078章 感应
915202125	请假一天，整理大纲
915359353	第1079章 帝争
915375994	第1080章 青凤
915387389	第1081章 五音
915510156	第1082章 香火
915537374	第1083章 醒世
915698280	第1084章 次真
915709861	第1085章 虚镜
915839216	第1086章 观清飞紫
915962124	第1087章 神域
916123872	请假一天，明天补更
916186694	第1088章 间除
916297619	第1089章 纯阳
916320281	第1090章 分出
916463438	第1091章 禄散
916569847	第1092章 周
916695701	第1093章 唐疑
916865171	第1094章 收束
917140087	请假一天，明天补更
