889292578	第1章 坟场魔（新书上传，求收藏）
889292347	第2章 开始
889293177	第3章 任务（求收藏）
889293116	第4章 出击
889292922	第5章 宝藏地（求收藏）
889374358	第6章击杀（求收藏）
889469211	第7章 打扫战场（求收藏）
889469507	第8章 收获与修补（求收藏）
889632149	第9章 重新出发（求收藏）
889635077	第10章 商场战斗（求收藏）
889786130	第11章 开宝箱（求收藏）
889786340	第12章 绿色装备（求收藏）
889940498	第13章 意外的发现（求收藏）
889940868	第14章 突然出现的敌人（求收藏）
889941000	第15章 坟场扩张（求收藏）
890199278	第16章 阴火堆与诡树（求收藏）
890199756	第17章 骷髅的强化（新一周求收藏）
890199821	第18章 再次出发（求收藏）
890662147	第19章 加油站的鹰身女妖（求收藏）
890662729	第20章 击杀（求收藏）
890897789	第21章 加油站里的怪物（求收藏）
890897286	第22章 逃回（求收藏）
891053123	第23章 等到的战斗思路（求收藏）
891053312	第24章 再临加油站（求收藏）
891182943	第25章 成功击杀（加更求收藏）
891182499	第26章 丰富的收获（求收藏）
891183024	第27章 搜刮（求收藏）
891340418	第28章 腐化吞噬加油站（求收藏）
891340545	第29章 收拾回城（求收藏）
891340411	第30章 回城（求收藏）
891619391	第31章 坟场魔的强化（求收藏）
891619305	第32章 夜间指令（求收藏）
891619621	第33章 强化坟场（求收藏）
891634444	第34章 新的一天（求收藏）
891744312	第35章 一夜的收获（求收藏）
891744664	第36章 骨灰拾荒小队（求收藏）
891744594	第37章 出发之前（求收藏）
891854701	第38章 先打狼（加更求收藏）
891854187	第39章 被打断的探索（求收藏）
891854805	第40章 增兵（求收藏）
892066237	第41章 重新出发（加更求收藏）
892066312	第42章 布置陷阱（求收藏）
892066297	第43章 正面战斗（加更求收藏）
892066549	第44章 半兽人营地（求收藏）
892254337	第45章 可吞噬的半兽人营地（加更求收藏）
892254971	第46章 战斗岗哨（求收藏）
892254957	第47章 维修小队（求收藏）
892405514	第48章 亡灵战士（加更求收藏）
892405735	第49章 藤蔓大厦（求收藏）
892405898	第50章 双线作战（求收藏）
892629743	第51章 搬空实验室（加更求收藏）
892629839	第52章 第一轮探索的收获（求收藏）
892630208	第53章 后方遇袭（求收藏）
892880638	第54章 小丑狗头人（加更求收藏）
892880723	第55章 战前准备（求收藏）
892880599	第56章 全面强化（加更求收藏）
892880787	第57章 开战（求收藏）
892997919	第58章 交手（求收藏）
892998357	第59章 2级招魂术（新一周，加更求收藏）
892998605	第60章 亡灵头目（求收藏）
893113945	第61章 正式编队（加更求收藏）
893114502	第62章 再次来袭的狗头人（求收藏）
893114712	第63章 攻城战（求收藏）
893469689	第64章 天亮了（加更求收藏）
893470085	第65章 战后收获（求收藏）
893470266	第66章 亡灵头目，鸦声（求收藏）
893724973	第67章 下水道的狗头人（求追读）
893725215	第68章 大坟场与精英亡灵（求收藏）
893725659	第69章 可修理的（求收藏）
893929320	第70章 好运气的消息（求收藏）
893929385	第71章 出行（加更求收藏）
893930227	第72章 忙碌（求收藏）
894146557	第73章 卡壳的骨林（求收藏）
894146572	第74章 骨犬与修补后的宝箱怪（求收藏）
894385471	第75章 再次出发（求收藏）
894386006	第76章 无意中漏掉的大厦（求收藏）
894386111	第77章 招魂术3级（求收藏）
894503155	第78章 尸巫（加更求收藏）
894503899	第79章 尸巫的成长（求收藏）
894503082	第80章 野外遭遇战（求收藏）
894503917	第81章 被带回的尸体（求收藏）
894628723	第82章 解锁地下室（加更求收藏）
894629186	第83章 第四天（求收藏）
894629279	第84章 新的一天又开始了（求收藏）
894906015	第85章 突然升高的坟场魔（求收藏）
894906234	第86章 新的小头目（求收藏）
895084438	第87章 地下室（加更求收藏）
895084728	第88章 战局的变化（求收藏）
895085124	第89章 战前准备（求收藏）
895286700	第90章 可以下毒啊（求收藏）
895286914	第91章 被炸出的狗头人首领（求收藏）
895531999	第92章 战斗结束（求收藏）
895531904	第93章 送回来的诡异尸体（求收藏）
895532457	第94章 地缚脉的第二个三分之一（求收藏）
895778600	第95章 补兵（求收藏）
895778572	第96章 等待天明（求收藏）
895913457	第97章 第五天（求收藏）
895914132	第98章 垃圾中的高科技（求收藏）
895914625	第99章 地下室一层（求收藏）
896037037	第100章 坟场魔的大调整（求收藏）
896036854	第101章 归来的骨灰（求收藏）
896323814	第102章 修复任务完成（求收藏）
896443905	上架感言与加更说明
896489794	第103章 坟场魔修复完成（上架求首订）
896489738	第104章 坟场魔升级（求订阅）
896490526	第105章 坟场魔的变化（求订阅）
896490335	第106章 升级2级，与技能选择（求订阅）
896490549	第107章 退出游戏（爆发求订阅）
896490730	第108章 环线之月（求订阅）
896586068	第109章 夜行鬼市（1/65）
896579346	第110章 顾苏的好朋友、第111章 奸商（2/65）
896586128	第112章 3319号矿区（3/65）
896591426	第113章 伏杀前的准备（求订阅）
896955577	开单章求个订阅
896925652	第114章 爆炸（求订阅）
897020110	第115章 大仇得报（4/122）
897020131	第116章 买不回来的过往（5/122）
897020455	第117章 大收获(6/122)
897020056	第118章 车站杀意（求订阅）
897020744	第119章 五鬼通灵实录（求订阅）
897170280	第120章 爱丽丝（7/136）
897170128	第121章 诡异幽灵，爱丽丝（8/136）
897170348	第122章 尸巫的毒性实验室（9/136）
897170550	第123章 小型交易会（10/136）
897170218	第124章 诡异纸城（求订阅）
897170196	第125章 交易开始（求订阅）
897430848	第126章 大量购物（11/141）
897431185	第127章 买到好东西（12/141）
897431463	第128章 腐朽王座（13/141）
897431780	第129章 疯狂建造（求订阅）
897431896	第130章 暗蚀窟（求订阅）
897534393	第131章 运行起来的暗蚀窟（14/147）
897535007	第132章 交易市场（15/147）
897536092	第133章 炮台(16/147)
897535655	第134章 邀请（求订阅）
897536392	第135章 准备换区（求订阅）
897648953	第136章 离开前的发现（17/149）
897648991	第137章 新停靠点，末日平原（18/149）
897649049	第138章 让人无语的操作（19/149）
897649639	第139章 高人（求订阅）
897649561	第140章 防线安排（求订阅）
897768153	第141章 亡灵机械加工厂（20/152）
897768276	第142章 亡灵风格的车辆（21/152）
897768477	第143章 战前准备（22/152）
897768900	第144章 排斥汽车的骷髅（求订阅）
897769295	第145章 通灵（求订阅）
898024430	第146章 五鬼通灵（23/153）
898024939	第147章 战前准备完成（24/153）
898025378	第148章 部队就位（25/153）
898025154	第149章 地堡（求订阅）
898025766	第150章 敌方出现（求订阅）
898160190	第151章 开战（26/153）
898159900	第152章 第一波战斗结束（27/153）
898160022	第153章 坟场魔吞飞船（28/153）
898160557	第154章 再次扩大的坟场魔（29/153）
898160843	第155章 新的地下空间（求订阅）
898160847	第156章 先要有（求订阅）
898409432	第157章 梦中读书（30/153）
898410354	第158章 隔壁出了问题（31/153）
898410510	第159章 大战（32/153）
898410371	第160章 想摘桃子的玩家（求订阅）
898410779	第161章 收获一个宝箱（求订阅）
898633942	第162章 强化坟场魔（33/153）
898634484	第163章 血浮萍（34/153）
898634544	第164章 吞噬与成长（35/153）
898635210	第165章 坟场魔的大变化（求全订）
898635587	第166章 什么？天黑了（求订阅）
898752415	坟场魔属性2.0（166章版）
898751605	第167章 紧急情况！（36/154）
898751765	第168章 死战（37/154）
898752622	第169章 抢尸体（38/154）
898753986	第170章 临时中场（求全订）
898754298	第171章 3级与技能选择（求订阅）
898876336	第172章 招魂术4级（39/156）
898876220	第173章 死亡骑士（40/156）
898876084	第174章 围杀（41/156）
898876307	第175章 吞噬战场的坟场魔（求订阅）
898876757	第176章 战斗收获（求全订）
899027465	第177章 死亡火车（42/157）
899031193	第178章 缺失的驾驶员（43/157）
899031262	第179章 奖励的选择（44/157）
899027782	第180章 天赋注入（求订阅）
899031423	第181章 坟场魔驾驶员（求全订）
899275605	第182章 清晨的安排（45/160）
899275650	第183章 地基（46/160）
899275777	第184章 最后的强化补全（47/160）
899276094	第185章 混乱再三的早晨（求全订）
899276294	第186章 城市间的战斗（求全订）
899484503	第187章 城市间的对撞（48/160）
899484941	第188章 艰难的战斗（49/160）
899484628	第189章 成功击杀（50/160）
899484547	第190章 打扫战场（求订阅）
899485430	第191章 4级与技能选择（求全订）
899485464	顾苏等级属性（191章版）
899698539	第192章 断断续续送来的收获（51/160）
899698869	第193章 第三座被吞噬的移动城市（52/160）
899699302	第194章 强化后的坟场魔（53/160）
899699329	第195章 强化的阴火堆（求订阅）
899699186	第196章 地下室与主坟区（求全订）
899973236	第197章 部队整编（54/161）
899973497	坟场魔属性2.1（197章版）
899973508	第198章 三天的等待与强化（55/161）
899973540	第199章 兽潮的源头（56/161）
899973866	第200章 龙血洗礼（第二百章了，求个全订）
899973983	第201章 滴血的坟场（求订阅）
900090661	第202章 龙血的强化（57/162）
900091069	第203章 一点点变强（58/162）
900091331	第204章 回归（59/162）
900091343	第205章 公会与商人（求订阅）
900091671	第206章 酒吧（求全订）
900209102	第207章 交易达成（60/166）
900209644	第208章 换了个风格（61/166）
900209856	第209章 钉子（62/166）
900210180	第210章 这一趟没白来（求全订）
900210619	第211章 三天后（求全订）
900416455	第212章 出发（63/168）
900416610	第213章 进入新世界（64/168）
900416594	第214章 废弃庄园（65/168）
900417066	第215章 田里的稻草人（求全订）
900417007	第216章 幽灵部队（求订阅）
900669884	第217章 诡异的睡前故事（66/170）
900670395	第218章 敌人靠近（67/170）
900670522	第219章 诡异的兔子部队（68/170）
900671062	第220章 战斗爆发（求订阅）
900671061	第221章 开宝箱（求订阅）
900875298	第222章 战后的强化（69/170）
900875428	第223章 成长与收获（70/170）
900876077	第224章 威斯康星（71/170）
900876297	第225章 诡异的情报（求订阅）
900876033	第226章 建筑：悬赏栏（求订阅）
901025750	第227章 新的开始（72/171）
901026671	第228章 小教堂（73/171）
901026494	第229章 来送死的野猪（74/171）
901026468	第230章 白骨教堂（75/171）
901057040	坟场魔属性2.2（第227章版本）
901026802	第231章 更大的庄园（求全订）
901173443	亡灵兵种，头目、小头目信息1.0（第231章版）
901058715	第232章 在庄园里遇上了一些人（求订阅）
901301458	第233章 游戏里的人类（76/171）
901301895	第234章 科巴诡人（77/171）
901301910	第235章 交易（78/171）
901301284	第236章 蓝色品质？（求订阅）
901301576	第237章 重新出发（求订阅）
901426046	第238章 顾苏的成长（79/171）
901425944	第239章 两天时间（80/171）
901425952	第240章 蓝色品质，机械磨盘（81/171）
901426423	第241章 坟场魔里的大事件（求全订）
901426945	第242章 手下亡灵的强化安排（求订阅）
901603608	第243章 城镇建立任务（82/174）
901604189	第244章 临时驻地（83/174）
901604359	第245章 目标城镇（84/174）
901604375	第246章 战前分赃（求订阅）
901707452	移动城市等级与大小比例1.1版
901604930	第247章 等巡逻（求订阅）
901746378	第248章 战前变数（85/174）
901746714	第249章 列车炮（86/174）
901747192	第250章 不，你不想（87/174）
901747634	第251章 开战前（求订阅）
901748392	第252章 攻城开始（求订阅）
901932818	第253章 攻城战（88/176）
901932998	第254章 城内的战斗（89/176）
901933144	第255章 炮火就位（90/176）
901933339	第256章 特雷波特的真正杀招（求订阅）
901933617	第257章 尸爆升级（求订阅）
902132243	第258章 战斗中场休息（91/176）
902132075	第259章 战场宝箱（92/176）
902132412	第260章 强化的地图室(93/176)
902132408	第261章 攻城战结束（求订阅）
902132856	第262章 城镇同化仪式（五月求全订）
902384091	第263章 占据、改名、温特小镇（94/176）
902384453	第264章 玩家撤退（95/176）
902385089	第265章 任务奖励（96/176）
902385060	第266章 锁定吞噬建筑（求订阅）
902385230	第267章 两件绿色奖励（求全订）
902841411	第268章 带着好东西回坟场（97/178）
902841470	第269章 布置城内轨道（98/178）
902841912	第270章 白骨圣堂（99/178）
902841954	第271章 特殊亡灵，阿谜（求订阅）
902842326	第272章 水鬼商行（求订阅）
902948175	第273章 出岔子的墓园（100/178）
902948206	第274章 杀入坟场魔（101/178）
902948582	第275章 全员斩杀（102/178）
902948466	第276章 扩大的坟场与4级坟（求全订）
902948716	第277章 新玩家批量进入（求订阅）
903059142	第278章 任务完成，自由之身（103/178）
903059485	第279章 一路成长（104/178）
903059972	第280章 成长的商业体系（105/178）
903060103	第281章 进入倒悬塔（求订阅）
903060629	第282章 倒悬塔内（求全订）
903170391	第283章 天降麦雨（106/179）
903170657	第284章 雨后的收获（107/179）
903170831	第285章 泡沫飞鸟（108/179）
903171136	第286章 莫名其妙的敌人（求订阅）
903171798	第287章 艰难一战（求全订）
903287989	第288章 战斗结束后的临时强化（109/179）
903288636	第289章 动力系统强化与升级（110/179）
903288935	第290章 5级与技能选择（111/179）
903289371	顾苏等级属性（290版）
903288899	第291章 赶路中的坟场魔（求全订）
903289516	第292章 野外收获（求订阅）
903444806	第293章 成长的商行（112/179）
903444647	第294章 天空中的火线（113/179）
903444568	第295章 夜战（114/179）
903445245	第296章 核心生物（求订阅）
903445976	第297章 与玩家的交流（求订阅）
903649756	第298章 蘑菇宝箱（115/179）
903650155	第299章 天上掉下的谷仓（116/179）
903650407	第300章 抢时间（117/179）
903650882	第301章 如同流星一样的谷仓（求订阅）
903651060	第302章 诡异大混战（求全订）
903885993	第303章 蓝色：无脸之锥（118/179）
903886732	第304章 反包围（119/179）
903886522	第305章 大收获，第五座主体建筑（120/179）
903886972	第306章 主体建筑：腐败水井（求全订）
903887350	第307章 战后收获（求订阅）
904147108	第308章 升级的地缚脉（121/180）
904147984	第309章 没有敌人（122/180）
904148014	第310章 倒悬塔内的天亮（123/180）
904147942	第311章 荆棘与藤蔓（求全订）
904148873	第312章 现场大收割（求订阅）
904294625	第313章 城堡中的收获（124/181）
904294856	第314章 吞噬（125/181）
904295102	第315章 泡沫危机与大萧条（126/181）
904295332	第316章 吞噬与成长（求全订）
904295415	第317章 全面强化坟场魔（求订阅）
904296193	坟场魔2.3（第317章版本）
904445492	第318章 升级前最后的目标（127/181）
904446216	第319章 重新上路（128/181）
904446442	第320章 鬼息秃鹫后面的东西（129/181）
904446147	第321章 兵分多路（求订阅）
904446325	第322章 夜战与收获（求全订）
904652566	第323章 巨鲸尸骨（130/181）
904655308	第324章 诡异中的巨头（131/181）
904655026	第325章 清扫战场（132/181）
904655433	第326章 不吞噬吗？坟场魔（求订阅）
904657141	第327章 升级条件就达成了？（求全订）
904912177	第328章 坟场魔升级（133/181）
904912992	第329章 2级坟场魔的变化（134/181）
904913571	第330章 越发强大的坟场魔（135/181）
904913673	第331章 新的开始（求订阅）
904914741	坟场魔3.0（第331章版本）
904913922	第332章 主线任务（求全订）
905085333	第333章 荒野狂奔（136/181）
905085167	第334章 任务完成（137/181）
905085867	第335章 倒悬塔第二层（138/181）
905085603	第336章 回归坟场魔（求订阅）
905086243	第337章 强化后的坟场魔（求全订）
905288201	第338章 急信（139/181）
905288651	第339章 退出游戏（140/181）
905288754	第340章 真是急事（141/181）
905288908	第341章 人情账（求全订）
905288918	第342章 哈？招魂塔（求全订）
905409577	第343章 收集材料（142/181）
905409703	第344章 主体建筑：招魂塔（143/181）
905409920	第345章 进城放松（144/181）
905411632	第346章 黑市交易（求全订）
905412085	第347章 车辆生产线（求订阅）
905529218	第348章 高阶亡灵训练手册（145/181）
905529525	第349章 找个专业的老师（146/181）
905529629	第350章 专人教导（147/181）
905530007	第351章 黑暗骑士（求全订）
905529912	第352章 扭曲车辆生产线（求全订）
905723588	第353章 五鬼通灵车（148/182）
905723682	第354章 车队与金手指（149/182）
905724403	第355章 金手指：备选方案（150/182）
905724413	第356章 几天的成长（求全订）
905724218	第357章 新来的亡灵（求全订）
905893563	第358章 开始新游戏（151/183）
905893740	第359章 落地，进入游戏（152/183）
905894196	第360章 阴宅商队（153/183）
905893660	第361章 新世界的信息（求全订）
905894542	第362章 吞名的终南（求全订）
906094868	第363章 确定目标（153/184）
906095550	第364章 旧都长安（154/184）
906095803	第365章 入城（155/184）
906095491	第366章 租房（求全订）
906096025	第367章 福地术？（求订阅）
906357899	第368章 什么？亡灵可以大量购买？（156/184）
906358311	第369章 秩序又混乱的夜（157/184）
906359115	第370章 挑选亡灵仆从（158/184）
906360072	第371章 购买亡灵（求订阅）
906361457	第372章 假货，蓝色的（求订阅）
906608530	第373章 天子陪鼎（159/184）
906608497	第374章 完整的腐化菌丝（160/184）
906608874	第375章 实验与安排（161/184）
906608947	第376章 西市紫甲（求全订）
906609093	第377章 呵，五阶游戏世界！（求订阅）
906721355	第378章 蓝色，飞剑（162/184）
906721323	第379章 美女比不过飞剑（163/184）
906721647	第380章 现在请叫我亡灵剑仙（164/184）
906721639	第381章 妖鬼之玉（求订阅）
906721942	第382章 绑定，升级，6级的选择（求全订）
906842907	第383章 选择时的意外发现（165/185）
906843624	第384章 新的一天（166/185）
907651757	顾苏等级属性（383版）
906843662	第385章 新仆从与新商路（167/185）
906844629	第386章 也该吃点好的了（求全订）
906845029	第387章 百年丧葬店（求订阅）
906991582	第388章 白嫁（168/185）
906992240	第389章 那些没嫁出去的宫女呢？（169/185）
906991947	第390章 神皇嫁宫女（170/185）
906992060	第391章 想吞我的东西？（求全订）
906992574	第392章 绝不原谅（求订阅）
907152482	第393章 回归坟场魔（171/186）
907153442	第394章 宝箱四开（172/186）
907154021	第395章 坟场魔的变化（173/186）
907154542	第396章 开始内外分层的坟场魔（求订阅）
907154804	第397章 福地洞天版坟场魔（求全订）
907409251	第398章 坟场魔的建筑树（174/187）
907409718	第399章 打钉子的顾苏（175/187）
907409601	第400章 重回旧都长安（176/187）
907410023	第401章 差点作大死（求全订）
907410655	第402章 可以平替（求订阅）
907596924	第403章 为什么只有双人间？（177/187）
907596692	第404章 夜里遇袭（178/187）
907596786	第405章 仙人跳！（179/187）
907597030	第406章 血纸人暗杀队（求全订）
907597102	第407章 事情有了眉目（求订阅）
907839789	第408章 一道闪电的事（180/187）
907839949	第409章 收尾，另约时间（181/187）
907840061	第410章 三合一的绿色道具（182/187）
907840332	第411章 阿谜的商业天份（求订阅）
907840116	第412章 事情顺利（求全订）
907958133	第413章 挑衅敌人（183/190）
907958128	第414章 阴宅替坟（184/190）
907958622	第415章 坟场魔的强化进度（185/190）
907959134	第416章 鬼新娘·白嫁典官（186/190）
907959774	第417章 瞭望体系任务（求全订）
907959808	第418章 好像搞得有些大了（求订阅）
908081610	第419章 准备战斗（187/194）
908081291	第420章 先发制人（188/194）
908082188	第421章 战斗中转职，黑暗骑士（189/194）
908082450	第422章 哈，自己出钱成长？（求全订）
908082564	第423章 堵住丧葬店老板（求全订）
908662921	第424章 斩杀成功（190/197）
908663330	第425章 招魂大丰收（191/197）
908663514	第426章 部队整编（192/197）
908663594	第427章 7级与技能选择（求订阅）
908663649	顾苏等级属性（427版）
908663447	第428章 技能就这么升级了？（求全订）
908883754	第429章 清早的丧葬店（193/199）
908883891	第430章 家贼带路（194/199）
908884199	第431章 库房收获（195/199）
908884305	第432章 白天休息的街（求全订）
908886518	第433章 祥瑞计划（求全订）
909060737	第434章 这个事就算是成了（第一更）
909060832	第435章 出入游戏的证明（第二更）
909061146	第436章 确定出入证明（第三更）
909061385	第437章 凶宅？（196/200）
909061976	第438章 真凶宅啊！（197/200）
909062973	第439章 剑快要断了（求全订）
909063421	第440章 裴家的剑（求订阅）
909227708	第441章 不对，这后面不对（198/201）
909227922	第442章 选白色还是选紫色？（199/201）
909228025	第443章 血色曼陀罗花（200/201）
909228152	第444章 从天而降的……剑仙？（求订阅）
909227956	第445章 两件蓝色奖励（求订阅）
909517565	第446章 世家之书与天阶功法？（201/201）
909517636	第447章 拿到出入游戏的权限（加更求全订）
909517392	第448章 重塑的坟场魔（加更求订阅）
909518238	第449章 龙虎砂训练区（求订阅）
909518383	第450章 金山银树（求订阅）
909639054	第451章 洞天核心区（202/203）
909639307	第452章 洞天坟场魔（203/203）
909639702	第453章 地下室改造（加更求全订）
909640018	第454章 重建防御体系（求订阅）
909639653	坟场魔2.4（第454章版本）
909639772	第455章 坟场魔外的变化（求全订）
909761144	第456章 新的亡灵兵种？（204/204）
909761207	第457章 白骨夫人（加更求订阅）
909761741	第458章 数学诡异也不会（加更求全订）
909762007	第459章 蓝色的纸箱（求订阅）
909761797	第460章 我家井里出了一条龙？（求订阅）
909942885	第461章 井龙王阿乌（205/205）
909943164	第462章 半成品的护城河（加更求订阅）
909943422	第463章 商路建成（加更求全订）
909943944	第464章 商队出发（求订阅）
909943844	第465章 阿谜10级（求全订）
910079721	第466章 接二连三的好消息（加更求订阅）
910080129	第467章 完整的建筑体系与退出游戏（加更求订阅）
910079995	第468章 再回环线之月（加更求订阅）
910080060	第469章 热情得有些过头了（求订阅）
910080573	第470章 游商来了（求订阅）
910314646	第471章 遇见熟人（206/206）
910314840	第472章 不给好处就等死吧！（加更求全订）
910315029	第473章 收获与约定（加更求订阅）
910315216	第474章 自然之风（求订阅）
910314961	第475章 游商空间（求全订）
910476773	第476章 购物清单（努力加更）
910476975	第477章 两座主体建筑（加更求订阅）
910477480	第478章 我全都要（加更求全订）
910478236	第479章 批量购买（求全订）
910478330	第480章 购买种子（求订阅）
910695344	第481章 特殊的种子（207/207）
910695360	第482章 九十种魔法（加更求全订）
910695572	购买到魔法列表（482版）
910696062	第483章 碰瓷（加更求全订）
910695937	第484章 任务大厅（求订阅）
910695892	第485章 出金了（求订阅）
910816675	第486章 可靠的停靠点（加更求全订）
910816200	第487章 强化的坟场魔（加更求订阅）
910816326	第488章 相互融合的建筑（加更求订阅）
910817194	第489章 主体建筑：林心议事厅（求订阅）
910816565	第490章 永业田区？（求订阅）
910933634	第491章 无法融合的建筑（208/208）
910933983	第492章 舒龙（加更求订阅）
910934015	第493章 最后的洞天（加更求订阅）
910934213	第494章 末日火炮（求订阅）
910934491	第495章 开始新游戏（求订阅）
912450777	坟场魔属性2.5（第490章版本）
911138611	第496章 进入与被甩出游戏世界（加更求全订）
911138514	第497章 巨树森林（加更求全订）
911138448	第498章 坟场魔的新移动体系（加更求订阅）
911138705	第499章 找到了线索（求订阅）
911139047	第500章 巨蟒与草药（求订阅）
911309561	第501章 专注学习升级（加更求订阅）
911309567	第502章 大蛇？巨蟒？（加更求全订）
911309949	第503章 火炮灭蟒（加更求订阅）
911310470	第504章 解剖巨蟒（求订阅）
911310328	第505章 招魂术5级（求订阅）
911459843	第506章 拜龙教？（加更求全订）
911460290	第507章 游戏世界之外的通道（加更求订阅）
911460373	第508章 蛇盆地的宝藏（加更求全订）
911460418	第509章 领土术（求全订）
911460817	第510章 占据领土（求订阅）
911694268	第511章 血色大地（加更求订阅）
911694519	第512章 抽走一切（加更求全订）
911694331	第513章 好处理的与不好处理的（加更求订阅）
911694933	第514章 空中平台（求订阅）
911694659	第515章 大收获（求订阅）
911817488	第516章 电池组与魔力池（209/209）
911817407	第517章 白鸦们带回的消息（加更求订阅）
911817498	第518章 搜打撤（加更求订阅）
911817821	第519章 蓝色兵种（求全订）
911817658	第520章 巨鸟背上的城市（求订阅）
911933723	第521章 赎人或是投靠（加更求订阅）
911933937	第522章 降得降，走的走（加更求订阅）
911934115	第523章 第一位英雄（加更求全订）
911935028	第524章 重新出发（求订阅）
911934547	第525章 地下通道的巨型乌龟（求全订）
912051581	第526章 巨龟的善意（210/210）
912051987	第527章 原铸者文明（加更求全订）
912052109	第528章 收获满满（加更求订阅）
912052722	第529章 回归正路（求订阅）
912451997	坟场魔属性2.6（第528章版本）
912052825	第530章 尸体？煤矿？（求订阅）
912196675	第531章 迎面一战（5000高订加更）
912197613	第532章 炮击与护城河（5000加更二）
912197926	第533章 墙上墙下的战斗（5000加更三）
912197889	第534章 多项技能升级（加更求订阅）
912197747	第535章 技能二合一（加更求全订）
912197714	第536章 新手村（求订阅）
912198754	第537章 停靠城市（求全订）
912351809	第538章 可以得到些什么（加更求全订）
912351895	第539章 来推销的矮人（加更求订阅）
912352208	第540章 蚁酸（加更求全订）
912452200	顾苏等级属性（535版本）
912352283	第541章 丧尸变毒尸（求订阅）
912352273	第542章 目标，雨林毒蝎（求订阅）
912609692	第543章 冲撞与碾压（加更求全订）
912610146	第544章 成年巨蝎（加更求订阅）
912610269	第545章 巨兽蝎群（加更求全订）
912609950	第546章 玩笑打出了成绩（求订阅）
912610732	第547章 一对多的战斗（求全订）
912794040	第548章 手段齐出（加更求订阅）
912794430	第549章 击杀最强（加更求全订）
912794773	第550章 完成击杀（加更求订阅）
912795170	第551章 打扫战场，极大收获（求订阅）
912795469	第552章 拿下蝎巢（求订阅）
913049428	第553章 坟场魔吞噬蝎巢（加更求全订）
913049487	第554章 毒性蒸汽层（加更求全订）
913050044	第555章 成长的坟场魔（加更求全订）
913050908	第556章 石像鬼的天空鬼楼（求订阅）
913050785	第557章 变态级的蓝色兵种（求订阅）
913174675	第558章 不同的亡灵圣武士（加更求全订）
913174721	第559章 回营地的路上（加更求全订）
913175075	第560章 主线任务完成（加更求订阅）
913193904	坟场魔属性2.7（560版）
913174937	第561章 完成任务的双奖励（求订阅）
913174796	第562章 新书与新人（求订阅）
913303455	第563章 营地声望任务（加更求全订）
913303656	第564章 目标，鬼面蛛群（加更求订阅）
913303439	第565章 鬼面蛛狩猎场（加更求全订）
913303832	第566章 亡灵圣武士的战斗力（求订阅）
913304562	第567章 确定战场（求订阅）
913445153	第568章 鬼面蛛大军（加更求全订）
913445353	第569章 死从天降！（加更求订阅）
913445737	第570章 8级与技能选择（加更求订阅）
913445809	顾苏等级属性（570版）
913446027	第571章 3级阴火堆（求订阅）
913446253	第572章 四座新建筑（求订阅）
913637193	第573章 缩回地下的蛛群（加更求订阅）
913637759	第574章 针对性攻击（加更求订阅）
913637931	第575章 魔法的多样性（加更求全订）
913637830	第576章 智慧术2级（求订阅）
913638323	第577章 超强的复合魔法（求订阅）
914299474	第578章 被烧死的蛛后（加更求订阅）
914301287	顾苏手下亡灵盘点（580版）
914300320	第579章 吞噬巢穴（加更求订阅）
914300466	第580章 腐地的高温封印状态（加更求全订）
914300594	第581章 微型遗迹（求订阅）
914300747	第582章 观察哨里的收获（求订阅）
914458120	第583章 蓝色宝箱（加更求订阅）
914458020	第584章 归途遇伏（加更求全订）
914458267	第585章 蒸汽机械亡骸移动要塞（加更求订阅）
914458216	第586章 回归坟场魔（求订阅）
914458877	第587章 吞噬后的新兵种（求全订）
914678363	第588章 3级腐化菌丝（加更求订阅）
914678820	第589章 我比你大，可以打（加更求订阅）
914679093	第590章 地精偷袭（加更求订阅）
914679444	第591章 守城英雄阿乌（求全订）
914679758	第592章 全灭地精（求订阅）
914800436	第593章 清点收获（加更求全订）
914801368	第594章 地精科技，震撼人心（加更求订阅）
914800824	第595章 升级的主体建筑（加更求全订）
914800886	第596章 被融进坟场魔的地精科技（求订阅）
914801304	第597章 分支载具？这不就是分基地嘛（求全订）
914923453	第598章 科技带来的方便（加更求全订）
914923575	第599章 坟场魔升级（加更求订阅）
914922968	第600章 3级坟场魔（求全订）
914923944	第601章 升级完成（求订阅）
915166780	第602章 弱化灌注图腾（加更求订阅）
915166618	第603章 偶遇玩家（加更求全订）
915174201	坟场魔属性3.1（601章版本）
915166947	第604章 相互试探（求全订）
915166758	第605章 提前离开（求订阅）
915298334	第606章 缓慢的改变与成长（加更求全订）
915298999	第607章 被跟踪的……（求订阅）
915299956	第608章 灰色金手指：概率篡改（加更求订阅）
915299259	第609章 地精版人工智能（求订阅）
915438313	第610章 随身的人工智能（加更求全订）
915439304	第611章 退出游戏世界（求订阅）
915438868	第612章 千棺驿站（加更求全订）
915439016	第613章 缚灵塔（求订阅）
915595818	第614章 野外的新英雄（加更求全订）
915596314	第615章 学习中的顾苏（求订阅）
915596064	第616章 血养术2级（加更求订阅）
915596144	第617章 课程结束（求全订）
915788137	第618章 坟场魔里增加的人手（加更求全订）
915787879	第619章 新亡灵，刺客还是狂战士？（求订阅）
915788104	第620章 载具：双头血路号（加更求订阅）
915788247	第621章 进入新游戏前最后的准备（求订阅）
915903489	第622章 新世界：七彩的沙漠（加更求全订）
915903528	第623章 特殊的欢迎仪式（求订阅）
915904025	第624章 被卷入麻烦（加更求订阅）
915903707	第625章 遇袭，二打二（求订阅）
916029290	第626章 斩杀一敌（加更求全订）
916097199	顾苏属性（第616章版）
916029648	第627章 一边打，一边打扫战场（求订阅）
916029586	第628章 金主小胖子（加更求全订）
916029796	第629章 相互交易（求全订）
916182895	第630章 交易与收获（加更求全订）
916183191	第631章 酒馆里的两位新人（求订阅）
916183306	第632章 两位新人的安排（加更求订阅）
916183769	第633章 英雄可用的金手指（求订阅）
916183529	学习到魔法2.0（633版）
916376244	第634章 重新上路（加更求全订）
916376485	第635章 玩家们的阻击（求订阅）
916377227	第636章 反阻击玩家（加更求订阅）
916376969	第637章 所有人都在努力地战斗着
916662593	第638章 强力自主的玩家（加更求全订）
916662923	第639章 战斗没结束，敌人又出现（求订阅）
916662382	第640章 得加钱（加更求订阅）
916663088	第641章 让人意外的攻城方式（求全订）
916819433	第642章 被刺杀的顾苏（加更求订阅）
916819662	第643章 斩杀，拿下（求订阅）
916820054	第644章 9级与超强的技能（加更求全订）
916821310	顾苏属性（644版）
916821436	第645章 融入建筑与成长（求订阅）
917087085	第646章 吞噬金手指的手段（加更求全订）
917087255	第647章 白色金手指，许愿成长（求订阅）
917087953	第648章 整合水源，建立血贝水源区（加更求订阅）
917088135	第649章 白色金手指：山神庙（求订阅）
917210724	第650章 变大的坟场魔（加更求全订）
917229693	坟场魔3.1（650版）
917210779	第651章 4级居室（求订阅）
917211288	第652章 幽灵船出航（加更求订阅）
