713419146	第1章 善恶到头终有豹
713419937	第2章 终于来了
713421123	第3章 追兵的身份
713421563	第4章 豹王
714034767	第5章 惹不起的对头
714152165	第6-7章 钱不能花得太少
714222502	第8-9章 罅隙
714472652	第10-11章 闹市纵马
714570835	第12章 胡杨山泽
714677281	第13章 山泽寻踪
714678134	第14章 前线的坏消息
714678469	第15章 盘龙往事
714678872	第16章 孙国师的目标
715102677	第17章 你要懂事些
715198954	第18章 收拾
715429612	第19章 资格
715706255	第20章 不知天高地厚
715978748	第21章 你才貌双全
716078006	第22章 指挥使的信物
716161409	第21章 出师醮
716318457	第22章 孙国师的算计
716392630	第23章 老子坑儿子
716580690	第24章 位卑者慎
716724022	第25章 红崖路
716851968	第26章 一杯清水二十文
716853085	第27章 三百年第一名将
716853219	第28章 沙匪
716853382	第29章 红崖路尽
716853899	第30章 核桃舟
716854208	第31章 沙舟找马
716854474	第32章 惑心虫
716854612	第33章 不要回头
716854820	第34章 紫金蟆
716855514	第35章 赤帕高原
716855951	第36章 高墙深壑
716856911	第37章 早有先驱者
716857360	第38章 分歧
716857613	第39章 平安回家的本钱
716857786	第40章 线索：水
716858129	第41章 钟胜光墓地
718781828	第42章 找到突破口
718782190	第43章 沙海垂钓
718782676	第44章 狂沙降临
718783035	第45章 摄魂
718783402	第46章 出场了
718783936	第47章 悍勇难敌
718784339	第48章 总要有人探路
719756640	第49章 天雷守御
719756861	第50章 无人的世界
719757061	第51章 亡灵之城
719757363	第52章 另一个时空的盘龙城
719757978	第53章 疯子会烤肉吗？
719758131	第54章 钟胜光到底住哪
719758391	第55章 不存在的大方壶
720615791	第56章 烈火焚城
720615994	第57章 我儿无憾
720616141	第58章 怨魂中的俘虏
720616394	第59章 格格不入？
720616505	第60章 我们都被骗了
720616634	第61章 正主儿下来了
720782792	第62章 他有你没有
720782895	第63章 变形怪
720783162	第64章 洪荒之力
721766770	第65章 被自己困住
721766851	第66章 人间清醒
721766972	第67章 无畏
721767305	第68章 成功的请神术
721767459	第69章 记忆还是幻象？
721768246	第70章 言灵
721768454	第71章 大风军归城
721768665	第72章 尊者？
721768755	第73章 黑蛟立命之本
721769031	第74章 他已经不是国师
722664507	第75章 你离死不远了
722665166	第76章 我的刀，你可以留着
722666937	第77章 闭门谢客
722667339	第78章 好好好
722668181	第79章 半个月的风起云涌
722668679	第80章 年赞礼的选择
722669812	第81章 刀剑有眼
722670804	第82章 吃豆腐
723041149	第83章 瞎操心不如喝酒
723041259	第84章 这是哪里？
723294628	第85章 不友善的军民
723294803	第86章 珍贵初体验*2
723295118	第87章 有酒有肉有话说
723295457	第88章 孙孚平的谢幕
723628620	第89章 逃难的队伍
723629550	第90章 背井离乡的苦难
723630115	第91章 人心百态
723631933	第92章 临时征召
723876498	第93章 两军碰撞
723876930	第94章 这梦境太过逼真
723877547	第95章 孟山
723877743	第96章 孙郡守的特殊贡献
723878753	第97章 醒得不是时候
724062663	第98章 年大将军反了
724062782	第99章 出发！贺总管的腾飞之路
724063356	第100章 错把悍匪当财神
724286787	第101章 家人们哪
724287108	第102章 深水出大鱼
724288575	第103章 朱氏的密信
724290603	第104章 各想办法
724295593	第105章 怎么证明你是你？
724299375	第106章 纠缠不清
724646466	第107章 嫂子知书达礼
724646669	第108章 突如其来的鱼潮
724646738	第109章 提前动手
724646787	第110章 这个女人，越看越奇怪
724805821	第111章 带个俘虏回去
724805880	第112章 她的真正身份
724861260	第113章 下下签*2
724861394	第114章 水灵大人的签子
724861487	第115章 另一支下下签
724861866	第116 目标：解凶渡厄
724862060	第117章 狂魔
724862533	第118 真理越辩越明
725742614	第119章 第三支队伍
725743034	第120章 邀酒
725773650	第121章 老皇帝留下的棋子
725773926	第122章 计成
725774022	第123章 曝露了
725774180	第124章 代价
725774454	第125章 你能吗？
725774593	第126章 他不想当那种人
726139700	第127章 他像变了个人
726139768	第128章 突然逆转
726140217	第129章 重重设障
726140398	第130章 又一次……
726382778	第131章 假经验害死人
726382845	第132章 黑暗中的持久战
726518379	第133章 要命的僵持
726518473	第134章 水灵？
726619989	第135章 水灵的舍身布施
726620201	第136章 仙……仙人洞府？
726620511	第137章 搜刮最后一点家底
726620721	第138章 老乌龟的委托
726858183	第139章 上岸谈条件
726858375	第140章 扁担钩
726935017	第141章 移伤秘术
726935064	第142章 编制的魔力
726935608	第143章 局势生变
726935751	第144章 错综复杂
726935954	第145章 被发现了
726936077	第146章 山泽
727239672	千里之行，从今迈步（上架感言）
727145121	第147章 换乘交通工具
727146540	第148章 各显神通
727146966	第149章 元力的优势（为白银盟日薪说加更）
727353135	第150章 各生猜忌
727353259	第151章 重新汇合
727354042	第152章 众叛亲离（给咕噜、几佰万加更）
727480012	第153章 水灵又来了
727480131	第154章 好像不合理，又好像很合理
727480656	第155章 兵解？（为新老盟主加更）
727541743	第156章 三句偈语定人生
727559166	第157章 残城断垣草木青
727559458	第158章 天降甘霖
727633896	第159章 谁也别惦记谁
727634757	第160章 真正的盘龙城
727635199	第161章 我给你烧纸了
727636979	第162章 升职加薪有房一步到位
727637040	第163章 帝流浆的药方子？
728062414	第164章 修行的曙光
728063688	第165章 打牢基础
728162239	第166章 乱上加乱
728162634	第167章 飞禽走兽，速速归位
728308841	第168章 盘龙荒原灵雨至
728308917	第169章 登堂入室第一步
728390328	第170章 认亲
728390824	第171章 松阳府
728466068	第172章 第二件灵器
728466153	第173章 得加钱
728545255	第174章 聘一只猴子
728546996	第175章 虱子多了不咬
728677928	第176章 开天眼
728678107	第177章 皇家别苑
728753072	第178章 柯大将军
728753413	第179章 薅钱来了
728904282	第180章 富而不武
728904526	第181章 山路上的暗袭
729041466	第182章 双边鏖战
729041546	第183章 贺灵川取巧
729118681	第184章 谈条件
729120083	第185章 弱化版仙宠契约
729193607	第186章 一夜乱象
729194196	第187章 孙红叶
729297260	第188章 病床上的推演
729297305	第189章 斑斓竹筒
729298610	第190章 入伍
729301967	第191章 正式招揽
729547088	第192章 猎熊
729547257	第193章 协同
729549579	第194章 备战换装
729550954	第195章 返程才是重头戏
729804808	第196章 救吗？不救！
729805156	第197章 鬼针石林
729877160	第198章 疯狂的对手
729877236	第199章 全军汇总
729971405	第200章 朱二娘
729972022	第201章 投弹的死士
730075121	第202章 我来！
730111913	第203章 各有各的使命
730216458	第204章 套娃
730216588	第205章 破阵行
730419278	第206章 个个都是二娘
730424513	第207章 雪夜死村
730533515	第208章 荒山现丽人
730533612	第209章 乱世生妖孽
730627589	第210章 盘龙城人的心意
730628319	第211章 下蛋的金鸡
730628687	第212章 热忱与盗贼（加更）
730709655	第213章 女邻居
730709813	第214章 第一次接触
730710068	第215章 松阳侯与孙孚平的渊源
730712516	第216章 知人知面不知心
730862006	第217章 摆在面前的新挑战
730862619	第218章 李老太爷干过的亏心事
730910696	第219章 隔空斗法
730910826	第220章 贺淳华的手段
730992170	第221章 打群架
730992309	第222章 贺总管到！
731077014	第223章 种刀
731077148	第224章 热闹的庭审
731150992	第225章 一盘烂账
731151514	第226章 老面孔
731239252	第227章 仙人遗书
731245250	第228章 现场教学
731355176	第229章 天……有不测风云
731356391	第230章 找上门来
731487352	第231章 危险便是机会
731487631	第232章 新武器+1
731601766	第233章 孙红叶的建言
731601894	第234章 贺灵川的店铺
731700182	第235章 奇怪的老太婆
731700395	第236章 擂台比武
731731823	第237章 松阳府分舵
731733114	第238章 听君一席话
731897482	第239章 满大街都是机会
731897646	第240章 面试过关
731975940	第241章 不信讹不传讹
731976041	第242章 红汤
732049735	第243章 好死不如赖活嘛
732050050	第244章 要玩就玩大的
732184778	第245章 举债度日的州府
732185413	第246章 乡规VS贺大少
732298251	第247章 强行留饭
732298370	第248章 亏心事
732425437	第249章 贺大少不是正经人
732425874	第250章 宝刀新成
732432944	第251章 茯苓糕
732433567	第252章 仙人印象
732661369	第253章 潜伏者
732661486	第254章 重重疑团
732752098	第255章 天性
732752193	第256章 洪先生在吗？
732828143	第257章 重操旧业
732828248	第258章 贺家的冤屈
732936259	第259章 拉拢和站队
732936991	第260章 闭门会议
733012275	第261章 白水煮面当珍馐
733012286	第262章 有味道的反杀
733139103	第263章 一合之敌
733139218	第264章 又遇老对手
733240124	第265章 追击
733240348	第266章 你追我逃
733344877	第267章 药水和红光
733344915	第268章 看不见的魇气
733430484	第269章 超渡与慈悲
733430651	第270章 洪将军与白鹿镇
733517249	第271章 请大家吃一顿饱饭
733518163	第272章 大少真是神机妙算
733700431	第273章 洪承略的推断
733700445	第274章 贺淳华的为难
733700470	第275章 各展手段（为日薪说加更）
734106586	第276章 战亡
734127855	第277章 现仇现报
734129214	第278章 十万火急（为开拓者加更）
734383394	第279章 嗅发
734383621	第280章 背后的指使者
734477064	第281章 现实与梦境的岔路口
734554329	第282章 撞天撞地撞空气
734643024	第283章 奇怪的液体
734643115	第284章 小怪物
734833332	第285章 “借”
734833692	第286章 找不见的怪物
734877577	第287章 秘卷：金甲铜人
734877764	第288章 降神台
735017782	第289章 温道伦的手段
735017938	第290章 人间的常态
735084802	第291章 秘药的来源
735085194	第292章 DIY自己的铜人
735282404	第293章 各自做事
735282630	第294章 浪斩
735282733	第295章 阿金
735283506	第296章 七号擂台
735471381	第297章 惊人的赔率
735471497	第298章 战孟山
735543157	第299章 人来人往
735543502	第300章 谈判
735678151	第301章 天高任鸟飞
735678804	第302章 双敌汇合
735776262	第303章 绿意宝瓶
735776963	第304章 暗袭
735813353	第305章 酣战
735813709	第306章 一击毙命
735819303	第307章 大水滔天
735819536	第308章 天不亡你我
736120955	第309章 死中求活
736121058	第310章 津度神
736222578	第311章 互相算计
736222738	第312章 矿镇的怪事
736293679	第313章 被藏起的猎物
736293764	第314章 奇怪的矿洞
736370734	第315章 销肌噬骨
736370819	第316章 破袋而出
736441516	第317章 变脸
736441548	第318章 你可知罪？
736549919	第319章 苦苦支撑
736550838	第320章 “她”醒了
736664047	第321章 变回去了
736664144	第322章 将军好任性
736789493	第323章 我叫芸姑！
736789700	第324章 破格擢升
736984924	第325章 好一段孽缘
736985006	第326章 愿为二娘效犬马之劳
737171752	第327章 月神
737171906	第328章 当噩梦照进现实
737249704	第329章 魔巢里的涂鸦
737249798	第330章 朱二娘的邻居们
737366730	第331章 那你试验个球？
737366749	第332章 毒龙涎
737590192	第333章 温氏父子
737590254	第334章 突如其来
737653387	第335章 神术？
737653415	第336章 请将军解惑
737780645	第337章 我辈怎能坐以待毙？
737780925	第338章 吞金兽
737781696	第339章 分身术（为烽火烟雨加更）
737866046	第340章 外来者
737866225	第341章 朱二娘的身家
737937493	第342章 董锐的妖傀和朱二娘的大军
737937553	第343章 妖王乱战！
737938492	我们开群啦~
737942428	第344章 暗渡陈仓（给贪吃蛇加更）
738006999	第345章 蛛蜕到手
738007519	第346章 二娘的怒火
738100398	第347章 要算总账了
738101271	第348章 最危险的时刻
738182547	第349章 友好协商
738183190	第350章 新的任务
738286186	第351章 朱二娘的赠礼
738287637	第352章 吴泽
738373232	第353章 石门秘议
738373871	第354章 这时候说外人作甚
738461075	第355章 目中无人与屈尊降贵
738461163	第356章 石门商会的机会
738467707	第357章 秋后的蜢蚱
738467992	第358章 神婆
738593124	第359章 丢失的魂魄
738593389	第360章 纸人
738700365	第361章 诡异的战场
738700537	第362章 妖仙！
738729932	第363章 朔日的圆月！
738731294	第364章 飞天
738910442	第365章 障眼法
738917404	第366章 亡灵之城？
738975888	第367章 魂乡
738975912	第368章 推演的法则
738976030	第369章 甘三爷的下场
739077739	第370章 初入妖国
739139107	第371章 神宠之地
739139505	第372章 赠官
739215731	第373章 最珍贵的情报
739216065	第374章 帝流浆的来源
739217611	第375章 秘密处决
739217657	第376章 孙茯苓兑现的承诺
739359003	第377章 险恶的生物战
739359056	第378章 百善丸与戮神丹
739442576	第379章 小国不知敬畏
739442860	第380章 划地盘、选地点
739525155	第381章 奋斗的一夜
739525242	第382章 帝流浆膏
739599222	第383章 你争我夺
739599268	第384章 打跑所有人
739646891	第385章 你追我赶
739647042	第386章 狂暴冲关
739725523	第387章 谁也不许下桌
739725607	第388章 替死
739806100	第389章 找上门来
739806419	第390章 雇来的帮手
739909755	第391章 只喝酒不谈公务
739909893	第392章 远上白云山
739969778	第393章 宝树王的众乐乐
739969820	第394章 故国的消息
740087136	第395章 灵种
740087555	第396章 妖与人
740150073	第397章 阴谋的味道
740150124	第398章 仙宗遗迹
740170627	2022年终小结
740217083	第399章 消失的神风
740217188	第400章 这怎么可能？
740319210	第401章 元力VS主场作战
740319266	第402章 灵种VS风魔
740399973	第403章 开盲盒比赛
740400236	第404章 风魔小队
740515011	第405章 伏山越的目标
740515053	第406章 神骨的第二次进食
740678183	第407章 一大一小
740678488	第408章 伏山越的试验
740954875	第409章 不打不相识
740955673	第410章 瓶中的真相
741088785	第411章 内鬼
741089276	第412章 盘龙城里的小树
741153039	第413章 辉映
741153272	第414章 细说贝迦往事
741223859	第415章 未被册封的人王
741224439	第416章 天谴之地
741329573	第417章 拣到一个人
741329863	第418章 巫童
741412858	第419章 千星遗址
741413016	第420章 不是冤家不聚首
741520937	第421章 国破山河在
741521071	第422章 幻境与现实的交织
741606250	第423章 一局定江山
741606347	第424章 善后和抚恤
741719799	第425章 开启隐藏版
741721199	第426章 原来如此
741786384	第427章 被启动的命运之轮
741786767	第428章 满城风雨
741787176	新年写给书友的一封信
741794957	征集令，速来！
741870178	第429章 北方妖国的阳谋
741870417	第430章 人不可貌相
741956897	第431章 打不过怎么办？
741957325	第432章 血肠猪蹄与误报的军情
742042787	第433章 一而再，再而三
742043066	第434章 夺龙喉关
742132653	第435章 出来就杀
742133088	第436章 困降一国
742133147	第437章 我要举报！
742207853	第438章 说你有，你就有
742252993	第439章 亡国灭种
742253584	第440章 双赢
742326322	第441章 故人故事
742326356	第442章 莫名其妙的偷袭
742378965	第443章 现仇现报
742430926	第444章 权力的游戏
742487967	第445章 讨价还价
742545101	第446章 就想整个大活儿
742598666	第447章 城墙里的秘密
742598717	第448章 龙爪槐与神骸
742661607	第449章 雨夜泥屋
742662002	第450章 地方一霸
742729309	第451章 葫芦案
742729596	第452章 消失的灯光
742805467	第453章 命案的关键词
742805676	第454章 密林中的线索
742985202	第455章 吃请
742985424	第456章 互相告发
743134097	第457章 斥令
743134934	第458章 第一次努力
743238391	第459章 玉轮山
743238453	第460章 你追我逃
743351058	第461章 怀璧其罪
743351098	第462章 东窗事发
743442579	第463章 霜露镇
743442972	第464章 不是冤家不聚头
743522719	第465章 表面言和
743523033	第466章 保真印和账簿
743596297	第467章 她的遗物
743596748	第468章 麦先生的痕迹
743685347	第469章 敬神录上的暗语
743685829	第470章 万嵩和夏枯草
743766034	第471章 转运仓
743766145	第472章 守株待兔
743770326	今天过生日~
743894317	第473章 大长腿呀
743896226	第474章 啊这？
743948001	第475章 冷血无情
743948580	第476章 瓦匠没好房
744072199	第477章 未来的方向
744072251	第478章 伊人尚在
744139774	第479章 神药
744139851	第480章 忙碌的各方
744141767	和大家聊一聊（九方茶话会-1）
744211272	第481章 神速破案
744211386	第482章 疑点
744279975	第483章 谈不拢就来硬的
744280163	第484章 霸王硬上……
744393553	第485章 你儿子在我手里
744393684	第486章 对着干的后果
744543359	第487章 意外得到的线索
744546957	第488章 今天吃鸡
744607932	第489章 守株待兔高端局
744607984	第490章 螳螂捕蝉
744702400	第491章 新的线索
744702430	第492章 这个人不能留
744785994	第493章 这是什么鬼东西？
744786126	第494章 闯入者与树根
744851837	第495章 极度深寒
744851952	第496章 现实与魔幻
744940638	第497章 埋伏
744940705	第498章 2V2？
744948765	第499章 和事佬（本章已用等字数剧情替代）
744986424	九方茶话会2-战斗的“体系”和“等级”
745105885	第500章 各有损伤
745107477	第501章 半夜送大礼
745190912	第502章 来自梦魇的不解
745190964	第503章 第二次异闪
745279960	第504章 程俞的后手
745279979	第505章 错综复杂
745373845	第506章 阵亡的小眼线
745374165	第507章 谁着急，谁不着急？
745437512	第508章 找上门来
745437575	第509章 打什么哑谜？
745510784	第510章 对赌
745510801	第511章 该来的还是来了
745510870	第512章 霸王莲
745510896	第513章 谁的末日到了？
745723848	第514章 反绞
745724005	第515章 死罪可免，活罪难逃
745724352	第516章 钱和命，我都要（加更）
745818957	第517章 宓风
745819058	第518章 外援来了
745901589	第519章 都给我搜！
745901627	第520章 消失的人证
745999113	第521章 失败的尝试
745999191	第522章 金甲铜卫
746088158	第523章 水再搅浑点
746088224	第524章 由虚入实的追捕
746143699	第525章 抓回来了
746143785	第526章 攻心为上
746232388	第527章 各自机谋
746232411	第528章 初来乍到白子蕲
746362211	第529章 成了
746362272	第530章 第一次试探
746427376	第531章 各怀心思
746427429	第532章 消失的岑泊清
746492177	第533章 分头追捕
746492303	第534章 误导他！
746510986	第535章 追击逃犯
746511019	第536章 无来由的攻击
746511930	第537章 连夜提审
746511966	第538章 我能知道什么内情？
746512140	第539章 岑夫人驾到
746786059	第540章 尔虞我诈
746788048	九方茶话会3：主线、目标与确定性
746890983	第541章 入局者
746891189	第542章 又惊变
747015954	第543章 白子蕲的要求
747015993	第544章 程俞的交代
747121413	第545章 魔高一丈
747121426	第546章 多年前的密报
747236290	第547章 暮光平原的新消息
747236489	第548章 繁忙的战争机器
747306889	第549章 因果现实的交融
747306945	第550章 钟胜光与红将军的分歧
747392971	第551章 活着才有一切
747393831	第552章 老子去也
747449019	第553章 初至灵虚
747449090	第554章 摊上台面
747575758	第555章 要闹就闹大一点
747575908	第556章 躲过一劫
747640633	第557章 所以，要有战争
747640709	第558章 亲切的旅游团
747754698	第559章 故人重逢
747755094	第560章 互通有无
747875266	第561章 新版刑龙柱
747875461	第562章 终究躲不过
748008591	第563章 极力糊弄
748008750	第564章 蒙混过关
748082972	第565章 琳琅满目大观园
748083088	第566章 落花时节又逢君
748137856	第567章 置气斗价
748138084	第568章 仇人相见
748249648	第569章 不为所动
748249994	第570章 他家有矿
748314200	第571章 天书的指示
748351824	第572章 风言风语
748407526	第573章 恐袭
748407648	第574章 谁是鸡？
748505854	第575章 潘山宅
748505934	第576章 灵虚城的另一面
748626477	第577章 年赞礼的礼物
748626500	第578章 郦清歌的请求
748626696	第579章 自导自演（加更）
748724896	第580章 杀人灭口
748725505	第581章 六百年山门故地
748804177	第582章 仙人洞府今安在？
748804853	第583章 问道树
748887021	第584章 黄金殿
748887127	第585章 送归
749059805	第586章 大门后面的奇景
749059833	第587章 疑云重重摘星楼
749137985	第588章 问道四千年
749138132	第589章 具罗树的回礼
749327135	第590章 又逢故人来
749327243	第591章 青宫恩怨
749405533	第592章 太子驾到！
749405634	第593章 杀人放火
749502923	第594章 点醒
749503203	第595章 姚家的诚意
749555866	第596章 来了
749555903	第597章 神迹
749762529	第598章 审判！
749762656	第599章 天神的手段
749885470	第600章 斗智斗法
749885559	第601章 翩想山庄
750029358	第602章 心影相传之术
750029418	第603章 神物
750059657	九方茶话会4：楔子与巨木
750158133	第604章 墟山山泽
750158304	第605章 贺灵川的机会
750252236	第606章 柯家的赠礼
750252741	第607章 对面不相识
750306117	第608章 麻烦向你走来
750306202	第609章 明惩暗升
750411801	第610章 溜了溜了
750411927	第611章 商议
750589034	第612章 神血
750589072	第613章 终成事
750711073	第614章 互相试探
750737303	第615章 酒中论国师
750806188	第616章 一切信念的终结者
750806509	第617章 看不透的人
750806996	第618章 惊鸿渡
750807070	第619章 不是仇家不聚首
751127807	第620章 卖主有原罪
751127866	第621章 愿者上钩
751217197	第622章 过瘾
751218668	第623章 方灿然的待客之道
751343497	第624章 迷宫
751343531	第625章 方灿然的死穴
751373168	第624章已修正
751437088	第626章 誓言锁链
751437120	第627章 邵坚的结局
751563813	第628章 天价见面费
751564093	第629章 互相揣摩
751633810	第630章 再上墟山
751633874	第631章 隐藏洞府开启
751735904	第632章 第一次会面
751735965	第633章 合作洽谈
751847949	第634章 情报对账
751848169	第635章 就在它眼皮底下？
751914500	第636章 草海盛会
751914552	第637章 交易和代价
751983081	第638章 投桃报李递线索
751983146	第639章 风暴之门徐徐开
752051809	第640章 全民大联欢
752052061	第641章 港湾
752104293	第642章 疏抿学宫
752104437	第643章 好好算计
752171002	第644章 酒政
752171170	第645章 打破循环的关键
752228218	第646章 哎哟你就是……
752228596	第647章 跳墙相会
752369494	第648章 怪树与疯羊
752371189	第649章 渐渐成型的漩涡
752445906	第650章 弗界
752448592	第651章 奇怪的脚印
752524004	第652章 临时营地
752524094	第653章 怪物现身
752647112	第654章 要命的危机
752659526	第655章 两大BOSS
752872909	第656章 艰难的选择题
752873008	第657章 争执
753005745	第658章 追入山区
753005819	第659章 螳螂捕蝉
753180520	第660章 黄雀在后
753180988	第661章 活命的希望
753181296	九方茶话会5：两极分化
753282928	第662章 一语成真
753283054	第663章 大难不死必有后福
753342509	第664章 推进计划
753342530	第665章 连锁反应开始
753432929	第666章 不露面的国师
753433374	第667章 王宫中的密谈
753535265	第668章 动之以情
753535319	第669章 祸水东引
753535848	第670章 打不死的重臣
753536160	第671章 看戏看到自己头上
753773629	第672章 游说董锐
753773976	第673章 隐秘据点
753895115	第674章 试乘
753895170	第675章 试飞
754003510	第676章 测定实验数据
754003786	第677章 拿捏
754074084	第678章 紧锣密鼓
754074273	第679章 年赞礼的最后一程
754147124	第680章 暗透消息
754147429	第681章 青阳国师的决定
754237639	第682章 六百年的古都
754237715	第683章 清算
754336508	第684章 还有想见的人
754336556	第685章 释难
754431092	第686章 至死方休
754431208	第687章 突发状况
754431924	第688章 入侵开始！
754435514	第689章 生死一跃
754693290	第690章 阵眼有变
754694044	第691章 失败的尝试
754761783	第692章 破冰
754761951	第693章 二娘你终于醒了
754772027	第694章 大发神威
754778782	第695章 天宫的后手
754932334	第696章 选错人站错边
754932800	第697章 二破
755091658	第698章 阵眼中的搏杀
755091736	第699章 打包带走
755209652	第700章 你争我夺
755209766	第701章 领先一步
755229573	第702章 天神降临（加更，求月票）
755367160	第703章 终入手！
755368189	第704章 反水
755477461	第705章 大方壶的馈赠
755477659	第706章 逃亡之战
755510305	第707章 第二阶段开始
755510487	第708章 他在哪？
755510990	第709章 蛛仙的反击
755514129	第710章 神降的下场
755703347	第711章 继续狂奔的兽群
755714560	第712章 挡不住的洪流
755828193	第713章 燃烧的帝都
755828719	第714章 回音1：它是谁？
755947780	第715章 回音2：焦头烂额
755948437	第716章 回音3：因果线
755951586	第717章 回音4：天榜第一
755951947	第718章 回音5：谁给谁背锅？
756059690	九方茶话会6：收官了
756193219	第719章 接了个大活儿
756193347	第720章 劫匪
756271031	第721章 打打杀杀最有意思
756271082	第722章 泷川之患
756365416	第723章 新房子
756367519	第724章 活下来的奖励
756463826	第725章 汇合
756464249	第726章 血肉填充
756464272	第727章 朱二娘的退路
756464436	第728章 汛阳沙洲
756678263	第729章 来自天神的情报
756678450	第730章 毕碌
756829301	第731章 五个问题
756839473	第732章 背负的命运
757076427	第733章 大统领出巡
757076546	第734章 孙夫子与纸鸢
757149110	第735章 好看就完了
757149143	第736章 命由天定与事在人为
757149383	第737章 夜袭
757149557	第738章 这才是埋伏
757358769	第739章 庆功宴
757360628	第740章 生杀予夺的感觉
757545958	第741章 海棠花
757546040	第742章 刑龙柱带起的风口
757769702	第743章 大方壶的异状
757772900	第744章 神明毕碌
757898080	第745章 看错人了？
757898246	第746章 再临盘龙废墟！
757971169	第747章 承诺
757971410	第748章 针对巡卫的袭杀
758041448	第749章 谁下场了？
758041828	第750章 寂静之林
758132962	第751章 怪蝉
758156647	第752章 互相试探
758285849	第753章 较量和意外的重逢
758287188	第754章 千钧瓶
758370220	第755章 世间一品
758370271	第756章 借人
758463763	第757章 纯粹的道门
758466397	第758章 灵虚城的损失
758579149	第759章 震荡的余波
758580117	第760章 点将要人
758669535	第761章 欠钱的祖宗
758670241	第762章 到底是谁的锅？
758744405	第763章 又坑他一次
758744483	第764章 科学怪人的研究成果
758822408	第765章 史上最简单灭蝉
758822903	第766章 贺大少的面子有多贵
758897294	第767章 收人了
758897359	第768章 接头
758897447	第769章 内讧
758897487	第770章 安排
759003757	茶话会7-你我眼中的盘龙
759106303	第771章 伏击与反伏击
759106451	第772章 命数的推演
759183801	第773章 开端
759183901	第774章 按兵不动
759374140	第775章 儿子回来了
759374254	第776章 胡说八道
759446594	第777章 正事儿开始
759446693	第778章 甲方代表
759527861	第779章 父亲的布局
759529330	第780章 过期协议
759629390	第781章 乱象渐起
759629484	第782章 不装了么？
759714855	第783章 贺淳华的要挟
759715217	第784章 专项审查
759847045	第785章 再次过招
759847130	第786章 贺淳华的纠结
759949340	第787章 父亲的心意
759949973	第788章 朱夫人来访
760039507	第789章 消失的密码本
760039554	第790章 突然离开
760119490	第791章 面见国君
760119769	第792章 父子协商
760193698	第793章 贺父的计划VS贺灵川的计划
760197622	第794章 奈落天的决定
760293953	第795章 疑点
760294746	第796章 评估通过
760415628	第797章 时光的轮回
760415891	第798章 纵论推演
760570211	第799章 出征！
760570261	第800章 找不到的证据
760663412	第801章 实锤了
760663692	第802章 原身的执念
760762009	第803章 铁面无私贺灵川
760762258	第804章 大胜与密信
760845638	第805章 皆大欢喜
760846532	第806章 孙红叶的发现
760918191	第807章 单飞的准备
760918749	第808章 应夫人的情敌
761064676	第809章 临行
761064842	第810章 招旧人一叙
761180928	第811章 选角儿
761181117	第812章 白塔庙后山
761286295	第813章 仙人后裔
761286884	第814章 天空中的异象
761288337	第815章 被掩藏的历史
761288510	第816章 拨乱返正还是拨正返乱？
761487389	第817章 突如其来的袭击
761487442	第818章 闻味而来
761533090	第819章 安民
761534270	第820章 旧居新客
761534432	第821章 拉壮丁
761535026	第822章 预备出击
761536016	第823章 暗渡陈仓
761537014	第824章 战役的拐点
761897038	第825章 沙漠中的异象
761903052	第826章 绿洲与高原
762015958	第827章 百列往事
762016089	第828章 风沙之城
762134736	第829章 身临奇境
762135199	第830章 谁也不让进
762249463	第831章 异变又起
762249531	第832章 各自逃命
762330703	第833章 插翅难飞
762330879	第834章 章连海的决定
762430209	第835章 红将军冢
762435634	第836章 穷途末路
762529077	第837章 摊牌
762529876	第838章 盘龙城外
762631457	第839章 阙兽、壶盖与三水真人
762637311	第840章 打劫的天神
762739405	第841章 各自忐忑
762740491	第842章 事已至此
762850873	第843章 余怨终了
762861097	第844章 陷阱
762964181	第845章 来自……的召唤
762977691	第846章 双向奔赴
763015824	第847章 分外眼红
763017469	第848章 被算计的都云使
763107832	第849章 疯狂战斗
763107907	第850章 收不走的神物
763237907	第851章 各自肚肠
763238103	第852章 幻灭
763324074	第853章 逃不过的宿命
763338226	第854章 他不是一个人
763442947	第855章 攻心
763446706	第856章 命运的尾声
763556669	第857章 遥远的往事
763556752	第858章 大方壶与元力
763675750	第859章 杀人放火来钱快
763676897	第860章 奈落天的怀疑
763743325	第861章 贺淳华的命数
763744067	第862章 天神和大方壶
763746330	第863章 各奔前程（加更）
763750565	九方茶话会8-未来的展望
763815290	第864章 销赃的窝点
763816322	第865章 送礼
763929185	第866章 借花献佛
763930551	第867章 另类招安
764048118	第868章 除了薪水还有绩效
764048233	第869章 回家
764155170	第870章 不被理解
764155377	第871章 正反
764155605	第872章 分红风波
764249793	第873章 刀锋港
764346091	第874章 都跑不了
764347284	第875章 消息汇总
764402152	第876章 这地方我要定了
764402218	第877章 冯管家的情报
764487860	第878章 金钱铺路
764487947	第879章 老祖宗
764559658	第880章 天生恶地
764559704	第881章 来了
764689096	第882章 泷川水妖
764692888	第883章 死斗
764793659	第884章 互损
764794374	第885章 七福轮
764901158	第886章 灵山的条件
764903138	第887章 鹿氏与气运
765016988	第888章 当面述职
765017151	第889章 天道嘉奖
765108450	第890章 等待已久的会面
765108546	第891章 命运的力量
765162727	第892章 尘归尘，树归树
765163765	第893章 伤神
765270194	第894章 人形黑洞
765278134	第895章 龙脊岛
765369684	第896章 他要当岛主
765372419	第897章 有弊有利
765518573	第898章 夜袭
765520731	第899章 鹿家父子
765665785	第900章 好大的胃口
765669124	第901章 转让群岛
765789172	第902章 地主之谊
765789859	第903章 验收
765863302	第904章 岛民
765864576	第905章 买卖不破租赁
765929479	第906章 海盗
765929870	第907章 必有所求
765949326	九方茶话会9
766051763	第908章 交换
766052407	第909章 二道海盗
766273228	第910章 干架
766273410	第911章 敬酒不吃，吃罚酒
766382393	第912章 金卷
766383628	第913章 龙吸水
766501810	第914章 巡岛
766501882	第915章 晒咸鱼
766645711	第916章 这就是人祸
766645863	第917章 劝服
766726950	第918章 分化的泷川
766727013	第919章 刺探与追踪
766798543	第920章 化泥丸
766799115	第921章 邀请姐妹花
767061273	第922章 再一次凌迟
767061809	第923章 未来的规划
767226258	第924章 越平和的情报
767226817	第925章 茏灏
767333574	第926章 天坑中的谈判
767333812	第927章 基于利益的协作
767334452	第928章 恭喜主公
767334767	第929章 雨夜来袭
767579776	第930章 一曲擒敌
767579850	第931章 越平和的身家
767655510	第932章 大开发
767655605	第933章 老友记
767737881	第934章 朱二娘的安居协议
767740049	第935章 沉船遗宝
767874239	第936章 蛛后新家园
767933027	第937章 烦躁的朱二娘
768024209	第938章 换一套打法
768024297	第939章 逃亡没有尽头
768132134	第940章 似易实难
768134393	第941章 堵心
768221011	第942章 越来越好
768221947	第943章 高涨的成本
768279531	第944章 鹿家儿女
768279918	第945章 万事开头难
768347751	第946章 新的访客
768348281	第947章 水陆侦察
768412936	第948章 新的手下
768414520	第949章 新的麻烦
768480768	第950章 吴提举的高招
768480822	第951章 狮虎与鹿豕
768543712	第952章 严格把关！
768544008	第953章 哪有这回事？
768606194	第954章 敲打
768609196	第955章 游说联合
768677392	第956章 万俟宣言
768677494	第957章 铂金岛
768744091	第958章 方灿然的复仇
768744294	第959章 纵论天下
768830908	第960章 换钱
768831302	第961章 这钱借不得
768919550	第962章 说服贺大少
768923030	第963章 消失的历史
769011974	第964章 心证
769029392	第965章 勾搭上界眼线
769173328	第966章 神界消息
769175514	第967章 发现端倪
769262329	第968章 大坑
769262737	第969章 卖给我吧
769356134	第970章 正大光明
769356294	第971章 会面与调解
769455640	第972章 不欢而散
769455713	第973章 各自盘算
769523531	第974章 推托
769524531	第975章 联手
769644188	第976章 会面
769644467	第977章 密谋
769723826	第978章 相互都给个机会嘛
769723966	第979章 天公作美
769836976	第980章 计划安排
769837099	第981章 飓风来临之前
769911113	第982章 来自玉则成的施压
769911390	第983章 第四方势力登场
770012358	第984章 再加一重debuff
770012442	第985章 纠结
770090593	第986章 你过来呀
770090735	第987章 你我是同一类人
770144075	第988章 分家
770159266	第989章 给讯号了
770225408	第990章 一击定乾坤
770226959	第991章 权衡
770344758	第992章 拦截蛛后
770345163	第993章 抓捕二娘
770473542	第994章 复活
770474220	第995章 第一场战斗结束
770563842	第996章 截断退路
770566596	第997章 要玩就玩大的
770729396	第998章 穷途末路
770729787	第999章 到底有几个二娘？
770844686	第1000章 各有后着
770844728	第1001章 木宿真君的第二形状
770908994	第1002章 合作？
770909202	第1003章 你替我下
771005231	第1004章 快来下棋
771005283	第1005章 今晚的主菜
771124854	第1006章 美味不能浪费
771124917	第1007章 你没那个资格
771222874	第1008章 轻松破解
771222900	第1009章 压降
771241036	第1010章 屡战屡败（加更）
771241550	月初这三天都有加更
771328572	第1011章 分析与评价
771329181	第1012章 高纯度的战利品
771329794	第1013章 不过是（加更）
771442437	第1014章 被发现的背景（上）
771442776	第1015章 被发现的背景（下）
771443736	第1016章 帝流浆之夜（加更）
771547006	第1017章 魔法对战魔法
771547919	第1018章 一夜天明
771612006	第1019章 你想要的一切都会有的
771612338	第1020章 本岛灵丹在售
771667224	第1021章 有些事儿想拜托你
771667308	第1022章 丰厚的报酬
771772437	第1023章 危险的任务
771773731	第1024章 各怀心机
771887196	第1025章 损失
771889104	第1026章 礼尚往来
771992093	第1027章 明智的吴提举
771994612	第1028章 开张了
772083192	第1029章 你的老朋友有消息了
772089003	第1030章 东边的来信
772211829	第1031章 霜叶国师的手段
772218611	九方茶话会10-首秀
772212333	第1032章 春游
772280434	第1033章 到底为了什么
772281942	第1034章 刹那间的岁月静好
772350506	第1035章 民意如山
772350792	第1036章 操控预期
772447526	第1037章 互相算计
772447767	第1038章 来战
772548850	第1039章 意外一定会来
772550464	第1040章 她来了
772655445	第1041章 总攻开始
772655897	第1042章 东城警钟
772757748	第1043章 迟到的城守
772758224	第1044章 被拉扯的宿命
772866736	第1045章 伏山烈的犹疑
772866819	第1046章 鏖战
772935109	第1047章 以一敌二
772935468	第1048章 御，困，杀
772969696	第1049章 大势已定
772969813	第1050章 赢家通吃
773093457	第1051章 都有美好的未来
773093711	第1052章 被取消的榜二
773152397	第1053章 通贾使
773152679	第1054章 又闻故人音讯
773153596	第1055章 来自松阳府的协助
773153843	第1056章 老子终于有钱了
773156008	第1057章 粮食自主的气味
773156419	第1058章 鹿家人
773727966	第1059章 剖析利害
773728654	第1060章 我说的就是你想听的
773793399	第1061章 老邻居见面
773794325	第1062章 八丈崖
773863367	第1063章 高崖试胆
773865864	第1064章 送上门的麻烦
774140343	第1065章 和气的岛主
774141724	第1066章 发酵的口碑
774279957	第1067章 死路一条
774280182	第1068章 突发意外和临时决定
774389961	第1069章 风险未知
774390258	第1070章 谨慎的对手
774479769	第1071章 偷船！
774480468	第1072章 湾里的海难
774480692	第1073章 调虎离山（加更）
774560284	第1074章 换打法
774560595	第1075章 全线开战
774560926	第1076章 阻击（加更）
774622968	第1077章 短兵相接
774623110	第1078章 最后一击
774624051	第1079章 收兵（加更）
774626037	三更奉上
774629577	第1080章 碳水快乐
774694222	第1081章 送你伴手礼
774844839	第1082章 一封邀功信
774854961	第1083章 你情我愿
774986133	第1084章 好雨知时节，好人知进退
774987334	第1085章 暴风雨中的国家
775216871	第1086章 老子心机儿狡诈
775219292	第1087章 天涯何处无知己
775339381	第1088章 比他脸还大
775339520	第1089章 画中旧景
775482248	第1090章 上岛
775482725	第1091章 新任务和新突发
775556876	第1092章 挡我的路了
775557080	第1093章 监长
775637698	第1094章 自省
775637764	第1095章 元力与天神
775743558	第1096章 红将军的隐患
775744244	第1097章 明灯盏和钟胜光的计划
775844211	第1098章 反复权衡
775844779	第1099章 纵论时局
775941211	第1100章 董锐的研究成果
775941612	第1101章 明灯盏的功效
776052499	第1102章 众说纷纭
776052942	第1103章 找麻烦
776151857	第1104章 长租客
776152101	第1105章 巨鹿港
776205083	第1106章 被偷走的光
776205183	第1107章 不翼而飞的至宝
776284273	第1108章 查访
776284492	第1109章 谁进谁的圈套？
776373903	第1110章 浮屿鬼市
776374032	第1111章 忧急内患
776458941	第1112章 另一个巨鹿港
776460217	第1113章 过去的兴旺
776562621	接下来几天，都是双更合一
776562584	第1114章 疯狂的白熊王（双更合一）
776684337	第1115章 路见不平
776773033	第1116章 浡都见闻
776837154	第1117章 梅妃，南宫炎和麦党
776900969	第1118章 秘卷残本与官场世故
776972719	第1119章 入宫
777069527	第1120章 杀错人了
777141051	第1121章 要大开杀戒
777302593	第1122章 背后灵
777499817	第1123章 腰斩
777509248	第1124章 示众
777688865	第1125章 震惊的逍遥宗
777689507	第1126章 熟人的名字
777757965	第1127章 推断
777758000	第1128章 打劫的来了
777761928	2024新年祝语：继往开来
777758075	第1129章 狂躁的妖群（加更）
777829105	第1130章 不平静的夜
777829145	第1131章 熊王的穷途末路
777927372	第1132章 无效
777929841	第1133章 芝麻开门
778005534	第1134章 掏洞
778008464	第1135章 风声鹤唳
778015756	进群啦~
778116691	第1136章 浮出的真相
778116990	第1137章 官惊民喜
778233894	第1138章 改朝换代
778239213	第1139章 白丘上的影子
778393814	第1140章 幕后的真凶
778393997	第1141章 淬毒的蜜糖
778395208	第1142章 复仇的滋味（月票加更）
778514566	第1143章 家祭
778515984	第1144章 一方水土养一方人
778619519	第1145章 贺灵川的真实目的
778622164	第1146章 雨后春笋
778680175	第1147章 西罗生变
778680272	第1148章 祸端再现
778846226	第1149章 贝迦的“调停”
778846412	第1150章 钟胜光的决心
779117808	第1151章 叛族
779118633	第1152章 目标
779269019	第1153章 不受欢迎的客人
779269286	第1154章 闪金往事
779343205	第1155章 垄断生意
779343251	第1156章 罗生甲
779414699	第1157章 漫山搜捕
779416407	第1158章 三尾
779519089	第1159章 失败的尝试
779530356	第1160章 是你自己找死
779626509	第1161章 懵懂
779632762	第1162章 逃出包围圈
779729833	第1163章 谁是英雄？
779730346	第1164章 他的名字
779761927	第1165章 老熟人的消息
779810516	第1166章 帝国遗阵
779922232	第1167章 唤醒
779924169	第1168章 封印
779970607	第1169章 黑甲
779994460	第1170章 祸水东引
780068468	第1171章 哪个才是目标？
780069756	第1172章 废墟里的第二个阴影
780169111	第1173章 后人
780172670	第1174章 来了来了
780256195	第1175章 不上当
780262377	第1176章 二打一
780379209	第1177章 恶战
780379309	第1178章 舍身
780527067	第1179章 我甘之如饴
780527235	第1180章 天赋异禀
780642330	第1181章 解脱了
780644381	第1182章 断线
780709188	第1183章 第一个梦
780711888	第1184章 第二个梦
780777561	第1185章 再临荒谷【求月票】
780788086	第1186章 “他们”的复仇【求月票】
780900010	第1187章 秉承神性
780900500	第1188章 寻一个答案
780977324	第1189章 我心磊落
780996268	第1190章 被贴在墙上的故交
781004128	【新年写给书友的一封信】 仙人茶话会11
781115931	第1191章 国灭
781117319	第1192章 仰善的产业
781117871	第1193章 矿山的麻烦（加更求月票！）
781209376	第1194章 有缘千里来相会
781210386	第1195章 你等我啊
781310040	第1196章 生前也是人
781310190	第1197章 陷阱
781399029	第1198章 青蚨传噩耗
781406947	第1199章 双线救援
781502658	第1200章 反设陷阱
781502956	第1201章 差点被坑
781687183	第1202章 受刑
781688362	第1203章 斩死
781761781	第1204章 救回
781765491	第1205章 抓准时机
781834490	第1206章 一夜大胜
781835424	第1207章 明心见性
781899839	第1208章 勾结
781900086	第1209章 最合适的诱饵
781954923	第1210章 为虎作伥
781955314	第1211章 大宴宾客
782010951	今天生病，更新推迟到18点之前
782011297	第1212章 互相看破
782014653	第1213章 夜袭棉村
782067872	第1214章 玄卢出手
782068126	第1215章 你来我往
782126950	第1216章 炫技
782127763	第1217章 胜负已定
782185358	第1218章 大获全胜
782187820	第1219章 除恶务尽
782243260	第1220章 存亡疑云
782243897	第1221章 全新的力量
782326048	第1222章 该让天底下的人都知道
782326385	第1223章 反向看问题
782393909	第1224章 旧朋新友
782394605	第1225章 低息贷款
782465425	第1226章 仰善的进一步渗透
782467416	第1227章 尖嚎森林
782557478	第1228章 破煞
782557687	第1229章 带路
782602749	第1230章 鬼打墙
782602992	第1231章 傅留山的法术
782767132	第1232章 天外飞剑
782767373	第1233章 刑讯室
782852555	第1234章 带路
782828385	第1235章 水晶井与天魔
782934757	第1236章 步沙华庭
782934851	第1237章 为什么你连败两次？
783016343	第1238章 自爆
783016576	第1239章 除恶务尽
783084808	第1240章 密室的入口
783086342	第1241章 人面桃
783087494	仙人茶话会12：闪金平原
783231227	第1242章 善变的宝物
783231478	第1243章 仙骸
783361753	第1244章 拼图游戏
783362129	第1245章 隐藏遗言！
783465579	第1246章 明晖仙人的警告
783470102	第1247章 仙人的填埋场
784586496	第1248章 秘密据点
784586482	第1249章 酒局和老朋友
784674895	第1250章 商议
784674961	第1251章 贺灵川的善意与要求
784799727	第1252章 司徒家的规划
784800112	第1253章 梦想与希望
784876040	第1254章 各谈所需
784876477	第1255章 王族的徽记
784933242	第1256章 我包你下半辈子……的酒钱
784934070	第1257章 酒色财气最留人
785039465	第1258章 运宝
785043155	第1259章 闭门会议
785121534	第1260章 厉兵秣马
785122574	第1261章 虚张声势
785218989	第1262章 董先生的舱房
785221630	第1263章 吓人
785336169	第1264章 风雨飘摇是故国
785336519	第1265章 心安之处即吾乡
785409347	第1266章 仙裔世家
785409529	第1267章 吃鸡
785482528	第1268章 打起来了
785483178	第1269章 擂台邀战
785483824	第1270章 八号擂主
785486867	第1271章 天助我也
785656752	第1272章 弱者是要被吃掉的
785657188	第1273章 贺灵川的战场
785756357	第1274章 赠宝
785756843	第1275章 不做咬人的狗，就当被采的矿
785873426	第1276章 有朝一日
785873916	第1277章 疑点
785968572	第1278章 自攻城门
785971634	第1279章 八原乡的神庙
786065524	第1280章 天神普因
786066427	第1281章 这只是个开始
786139133	第1282章 又一个卢耀
786140073	第1283章 人神之争的本质
786213274	第1284章 双边情报
786212939	第1285章 赠粮
786313117	第1286章 战前最后一顿饭
786312779	第1287章 一泻千里
786423407	第1288章 新的麻烦
786424041	第1289章 第一次出手
786510649	第1290章 城外城内
786511918	第1291章 判罚
786625882	第1292章 他比你有骨气多了
786626819	第1293章 爆浆
786762705	第1294章 追杀
786764069	第1295章 您到底是谁
786842145	第1296章 泄恨
786842703	第1297章 收魂
786916741	第1298章 安静的人群
786917373	第1299章 麻木与引导
787106656	第1300章 还施彼身
787107376	第1301章 报应不爽
787240372	第1302章 一缕幽火
787243273	第1303章 新本子
787373600	第1304章 训诫
787375522	第1305章 城门吊
787528498	第1306章 不是人
787530897	第1307章 重视
787660040	第1308章 暗流涌动
787660511	第1309章 大监国
787707829	第1310章 暗中沟通
787707938	第1311章 一场意外
787792786	第1312章 不出意外的话，就是要出意外了
787879641	第1313章 反复权衡
787935195	第1314章 一如既往的疯狂
787938058	第1315章 前线的麻烦
788041327	第1316章 出主意
788050933	第1317章 贺灵川值五十万两
788185831	第1318章 冲撞
788187193	第1319章 一味忍让没有好结果
788266340	第1320章 装神弄鬼缝合怪
788265755	第1321章 爻国的试探
788343053	第1322章 建墙
788345572	第1323章 小安
788421291	第1324章 小的留到明晚
788421735	第1325章 被袭击的庄子
788498382	第1326章 阿蕙
788498888	第1327章 各执一词
788606750	第1328章 出人命的地方
788606920	第1329章 各自的秘密
788711691	第1330章 对她好的人，全都死了
788712041	第1331章 月黑风高杀人夜
788822373	第1332章 不是她
788823330	第1333章 三方混战
788934481	第1334章 现身
788934695	第1335章 第三只怪物
789043905	第1336章 击溃
789044149	第1337章 终于露面
789108151	第1338章 别人的妖傀
789108087	第1339章 收获
789188889	第1340章 童狇
789190030	第1341章 不存在的村落和不存在的女儿
789427437	第1342章 妖傀师‘们’
789427850	第1343章 契成
789583884	第1344章 针对他的袭击
789586575	第1345章 噩耗
789710366	第1346章 何去何从
789713498	第1347章 合作愉快
789829937	第1348章 蛮横的对手
789830077	第1349章 爻王的邀请
789946388	第1350章 爻国抛出来的诱饵
789947292	第1351章 闲话
790021432	第1352章 无端指控
790023956	第1353章 青鸿宝印
790025509	仙人茶话会13-轻舟已过万重山
790106747	第1354章 找仰善的麻烦
790106985	第1355章 爻王给出的交代
790325607	第1356章 公报私仇
790325702	第1357章 罄竹难书
790519524	第1358章 钱宇
790519550	第1359章 横生枝节
790657198	第1360章 搅局的麻烦
790666803	第1361章 贺灵川的补救
790772489	第1362章 对手
790775292	第1363章 等在前方的危机
790939417	第1364章 冒牌货
790940337	第1365章 埋伏
791014817	第1366章 扑空
791014918	第1367章 四十亿钱
791128549	第1368章 上对船了
791128501	第1369章 认真工作的刺客
791230082	第1370章 交锋
791230603	第1371章 那我们去涿洝吧
791354034	第1372章 新的动手地点
791356975	第1373章 各自筹谋
791425188	第1374章 前期准备
791425523	第1375章 不速之客
791492630	第1376章 麻烦了
791492376	第1377章 调虎离山
791572693	第1378章 行动开始
791573547	第1379章 会面与密议
791645318	第1380章 精心策划的时机
791645506	第1381章 到底有没有机会？
791714965	第1382章 九幽大帝来了
791716077	第1383章 点子扎手
791820189	第1384章 暗中的指点
791819881	第1385章 你们太慢了
791948963	第1386章 九幽大帝又来了
791949148	第1387章 不跑，都不跑
792064447	第1388章 塌房了
792064602	第1389章 妖傀出战
792216426	第1390章 互相算计
792216812	第1391章 不可能的力量
792351319	第1392章 黎明前的憋屈
792355450	第1393章 这该死的仪式感
792448761	第1394章 反水的小怪兽
792449217	第1395章 报应不爽
792525947	第1396章 冥冥中的力量
792532860	第1397章 各行其道
792676387	第1398章 我们需要一个新计划
792677784	第1399章 必救
792800485	第1400章 强大的助力
792801614	第1401章 我们的杀手锏
792887900	第1402章 强效遮盖
792888438	第1403章 赶上了
793006238	第1404章 探讨
793005936	第1405章 对谈
793165877	第1406章 曲折的刺杀之路
793167298	第1407章 气炸
793370197	第1408章 重点怀疑对象
793378158	第1409章 各自肚肠
793472133	第1410章 吹过树梢的风
793473632	第1411章 大受欢迎的外来者
793633942	第1412章 最强大的存在
793636776	第1413章 辛乙的看法
793785418	第1414章 追根问底
793790149	第1415章 试探和交锋
794022842	第1416章 此人可用
794024544	第1417章 辛乙
794223205	第1418章 各怀心机
794224868	第1419章 重回旧地
794332943	第1420章 试手
794332514	第1421章 不会那么巧吧？
794398053	第1422章 一个人，一座城
794398841	第1423章 天水城的一体两面
794470110	第1424章 左宗长
794470874	第1425章 第十八房小妾
794609716	第1426章 八十多次
794610232	第1427章 约不上的接见
794763240	第1428章 进击的监国
794766274	第1429章 梨花白
794859048	第1430章 人选
794860244	第1431章 荒诞世界
794989239	第1432章 冒充不了的名头
794989585	第1433章 争斗的重点
795125924	第1434章 玉树香雪
795126753	第1435章 给个机会
795208039	第1436章 能有什么威胁？
795208657	第1437章 大家都给点面子
795281087	第1438章 护城河
795281234	第1439章 不期而遇
795420308	第1440章 万事都有可能
795420722	第1441章 各自怀疑
795562231	第1442章 云遮雾绕
795563702	第1443章 未雨绸缪
795659228	第1444章 疑点
795659417	第1445章 图纸
795793816	第1446章 五百两起拍
795794327	第1447章 请问你如何应对
795948025	第1448章 奇怪的竞争者
795948044	第1449章 到底有什么讲究？
796021041	第1450章 不合理
796021753	第1451章 各自盘算
796093970	第1452章 白坦
796093876	第1453章 到底在买什么？
796164690	第1454章 使绊子
796165981	第1455章 贴金
796288683	第1456章 得寸进尺
796288854	第1457章 好言难劝该死的鬼
796396862	第1458章 赫洋
796400850	第1459章 游荣之的恳求
796566025	第1460章 龙神！
796566074	第1461章 一时之计
796632880	第1462章 价值十几万的主意
796633151	第1463章 雷厉风行
796709903	第1464章 王的寿典
796711900	第1465章 要员到齐
796792868	第1466章 掷杯邀战
796793347	第1467章 我俩又无怨无仇
796901254	第1468章 死局
796902259	第1469章 昂贵的战斗
797021202	第1470章 崩毁
797021863	第1471章 一不做二不休
797101811	第1472章 王上英明啊！
797101596	第1473章 大凶之兆
797263129	第1474章 查，要查个清楚
797262928	第1475章 杀掉最好，一了百了
797428895	第1476章 一支队伍的组建
797429469	第1477章 最提防的两个人
797436234	第1478章 强大对手的软肋
797437862	第1479章 连锁反应
797561700	第1480章 两个解决办法
797576196	第1481章 东风起
797757501	第1482章 开门红
797760699	第1483章 继续菜鸡互啄
797879225	第1484章 陆无双的好心
797881158	第1485章 妖国的指令
798030915	第1486章 进击的白魔吉
798031070	第1487章 宁为玉碎
798177314	第1488章 陆无双归来
798176686	第1489章 攻防互易
798293207	第1490章 谁的手笔？
798295089	第1491章 气派
798360974	第1492章 这个饼它又大又圆
798362004	第1493章 狂飙的价格
798468716	第1494章 王大人清廉
798469254	第1495章 三十亿钱
798575173	第1496章 一百五十年一遇
798576376	第1497章 权力的来源
798807582	第1498章 大风起于青萍之末
798807498	第1499章 我不走
798976705	第1500章 有讯儿了
798977160	第1501章 顺位
799067991	第1502章 无底洞
799068785	第1503章 超级大工程
799177302	第1504章 献策
799177527	第1505章 三步走
799253886	第1506章 吸金的计划
799256597	第1507章 还得找他
799323634	第1508章 好厉害
799328490	第1509章 掌舵权
799511971	第1510章 滚蛋
799526877	第1511章 揽权
799618617	第1512章 样板打造
799618935	第1513章 意外出现的贵人
799727215	第1514章 高倍预算
799728503	第1515章 抢卖抢买
799838086	第1516章 神庙的烦恼
799838645	第1517章 大厦倾颓
799950621	第1518章 开始了
799950557	第1519章 怒火中烧
800031305	今日更新因病延后
800030132	第1520章 无礼VS无理
800040498	第1521章 针锋相对
800100488	第1522章 无可取代
800102084	第1523章 各怀鬼胎
800213095	第1524章 小马拉大车
800220950	第1525章 青阳的怀疑
800354705	第1526章 神话的开始
800354888	第1527章 管仓储的卢家
800450377	第1528章 找到了
800450326	第1529章 贺灵川的准备
800557604	第1530章 钱都花不出去
800560121	第1531章 我愿赴汤蹈火
800744463	第1532章 钱流去了哪里
800744770	第1533章 义不容辞
800821898	第1534章 判若两地
800823400	第1535章 做大做强的仰善
800904362	第1536章 消息源
800905562	第1537章 更重要的线索
801058585	第1538章 白子蕲的分析
801059346	第1539章 真正的首案现场
801210470	第1540章 奇怪的阵柱
801210008	第1541章 被推算出来的阵眼
801337968	第1542章 平替版本
801339166	第1543章 确认是他！
801457804	第1544章 众人拾柴火焰高
801458846	第1545章 神秘力量
801564273	第1546章 漏网之鱼
801565852	第1547章 初现端倪
801639186	第1548章 大风渐起
801643413	第1549章 贺骁的后手
801724643	第1550章 千幻的谜团
801724604	第1551章 被挖出来的过往
801840836	第1552章 不好混哪
801853349	第1553章 调头！
801996508	第1554章 送上门的钱
801997318	第1555章 接触
802132713	第1556章 一心二用
802137127	第1557章 研究的深水区
802407787	第1558章 线索
802408272	第1559章 溜了
802498817	第1560章 埋在土里的古怪
802498967	第1561章 人心思涨
802563639	第1562章 突如其来回马枪
802563513	第1563章 溜不溜？
802660890	第1564章 你不早说
802664419	第1565章 土肥圆
802793904	第1566章 三方合议
802794903	第1567章 贺骁的确是个人才
802897822	第1568章 相互试探
802898348	第1569章 被挖掘的细节
803139038	第1570章 李元好来了
803139891	第1571章 山里的请求
803330204	第1572章 咄咄怪事
803330622	第1573章 是不是有点晚了？
803432123	第1574章 放飞自我的虫虫
803433682	第1575章 顺虫摸敌
803518872	第1576章 脑虫
803518771	第1577章 尔虞我诈
803607786	第1578章 来历
803608268	第1579章 破纪录
803778428	第1580章 曹闻道的收获
803778585	第1581章 青阳的联想
803943226	第1582章 岂有此理！
803945199	第1583章 亲身拦截
804069821	第1584章 互相拖延
804069561	第1585章 初交手
804191667	第1586章 隐身游戏
804190917	第1587章 最深沉的秘密
804295262	第1588章 你懂个P
804295694	第1589章 主妖傀
804372230	第1590章 这是什么东西？
804374569	第1591章 特殊的天赋
804447361	第1592章 无心的孩子
804449085	第1593章 六六
804586204	第1594章 默默贡献的大娘
804586146	第1595章 拖延时间
804590113	九方茶话会-14
804754861	第1596章 联想
804758111	第1597章 赤兔
804869855	第1598章 阿什摩那的真面目
804870842	第1599章 撤离
805000988	第1600章 爻王的揣测
805002231	第1601章 各自算盘
805176722	第1602章 小心祸从口出
805180307	第1603章 复仇的爽剧
805253525	第1604章 红火得发紫
805254311	第1605章 潜龙在渊
805331653	第1606章 借刀杀人
805333091	第1607章 日理万机
805449461	第1608章 各适其位
805449829	第1609章 蛛丝马迹
805575385	第1610章 被破坏的伤口
805575850	第1611章 刨根问底
805663751	第1612章 看走眼了
805665007	第1613章 非凡组织与鬼神手段
805779527	第1614章 神之注视
805780163	第1615章 粮呢？
805890560	第1616章 停工了
805891152	第1617章 一只回旋镖
805985201	第1618章 替换的武将
806018395	第1619章 重武的决心
806086713	第1620章 暴乱！
806086843	第1621章 溪边的大娘
806227960	第1622章 两头被吸光
806228783	第1623章 愈演愈烈
806344947	第1624章 爻王的忍痛割舍
806347200	第1625章 实而虚之，虚而实之
806451546	第1626章 这么突然？
806452590	第1627章 关键证据
806605342	第1628章 给出去的功劳
806607316	第1629章 现在！立刻！马上！
806713219	第1630章 开始了
806713048	第1631章 惊天爆炸
806787863	第1632章 外交灾难
806787421	第1633章 6了6了
806868921	第1634章 再乱！
806870745	第1635章 贺骁的延时告密
806993914	第1636章 言行如一，暗藏祸心
807002928	第1637章 各自运筹
807132212	第1638章 他就是……
807135987	第1639章 互相算计
807278307	第1640章 蛊惑军心
807283750	第1641章 后备计划启动
807385954	第1642章 神明的公开支持
807386532	第1643章 护驾！
807526005	第1644章 不及你之万一
807535449	第1645章 后援来了
807624052	第1646章 渐行渐近
807625372	第1647章 渔翁
807681891	第1648章 妙湛天的庇护？
807682104	第1649章 爻王真正的底牌
807774761	第1650章 护国神兽
807775899	第1651章 身外法相
807852241	第1652章 被神厌弃的后果
807855367	第1653章 解除束缚
808001683	第1654章 法相和颠倒海
808003727	第1655章 临时起意
808130873	第1656章 损失惨重
808132647	第1657章 被端上桌的下场
808256576	第1658章 混乱之城
808257835	第1659章 白坦求见
808336751	更新推至15-16点之间
808352783	第1660章 来呀，呈上来
808352794	第1661章 青阳的点拨
808415659	第1662章 跳不出的漩涡，逃不出的算计
808419213	第1663章 妄念生，灵昧灭
808553853	第1664章 不该再有二百年的国家
808554965	第1665章 追寻贺骁留下的线索
808646102	第1666章 久违的阵法
808647619	第1667章 倒反天罡
808851691	第1668章 坑
808859122	第1669章 难缠的对手
808988605	第1670章 贺骁的刻意
808989024	第1671章 上天的馈赠
809143615	第1672章 丰收之夜
809143854	第1673章 请开始你们的表演
809215015	第1674章 乱局开启
809215718	第1675章 下跪也不简单
809341350	第1676章 三巨头重聚
809341315	第1677章 金皮书
809439102	国庆快乐！
809459183	第1678章 被隐藏的往事
809459133	第1679章 中古埋下来的大雷
809525459	第1680章 放弃的辛乙
809525057	第1681章 千幻与颠倒海
809605006	第1682章 长出来的新角
809605051	第1683章 夺万千生计
809676528	第1684章 换将
809677462	第1685章 被激活的蛟像
809737962	第1686章 厄运天珠
809753542	第1687章 参不透的变数
809825086	第1688章 无尽海
809825520	第1689章 跟着风暴走的群岛
809904138	第1690章 银珠岛
809904787	第1691章 怪里怪气的海岛
809999048	第1692章 我们是友军
809997787	第1693章 各自试探
810124840	第1694章 各自行动
810142905	第1695章 来人
810223341	第1696章 三羊开泰
810224091	第1697章 海上仙山
810303310	第1698章 仙人居所
810303546	第1699章 幻宗
810434407	第1700章 镜子里的海啸
810434248	第1701章 以小见大
810520063	第1702章 兵来将挡
810520670	第1703章 各自运筹
810594176	第1704章 分析
810596341	第1705章 六十年前和一百五十年前
810726182	第1706章 幻宗的尴尬
810726465	第1707章 贺灵川的提议
810841078	第1708章 群仙的决定
810841718	第1709章 幻与真
810966596	第1710章 白子蕲的决心
810966659	第1711章 颠倒湖
811072534	第1712章 仙都大阵
811074545	第1713章 兵来将挡
811192402	第1714章 拉锯
811193720	第1715章 幻宗的伪装
811268320	第1716章 各见优劣
811268626	第1717章 加持和反加持
811340670	第1718章 不信
811344131	第1719章 微妙和拉扯
811460268	第1720章 揭破
811459929	第1721章 自爆
811605473	第1722章 侵占的企图
811606437	第1723章 你就吹吧
811713413	第1724章 乱花迷眼
811713806	第1725章 新的争夺
811826407	第1726章 亲自下场
811826541	第1727章 各行其是
811947317	第1728章 问讯
811947089	第1729章 隐在暗处的对手
812015541	第1730章 奇异的光
812015801	第1731章 膨奇和虞村
812094437	第1732章 破绽
812104980	第1733章 夜叉的真相？
812290847	第1734章 第一个上塔
812290810	第1735章 有用的情报
812445212	第1736章 惜身
812449190	第1737章 矿洞
812544444	第1738章 数字游戏
812544770	第1739章 筹备暗算
812664794	第1740章 心安理得
812665404	第1741章 腰子湖的秘密
812818588	第1742章 挖掘小能手
812819423	第1743章 陷阱与奸细
812893806	第1744章 被篡改的指令
812896954	第1745章 各个击破
812969658	第1746章 失效的保命技
812970560	第1747章 灵瓮仙
813114682	第1748章 群殴
813114946	第1749章 抓捕
813224774	第1750章 派兵遣将
813225200	第1751章 贺灵川给出的选择
813321112	第1752章 肖文城的小算盘
813321830	第1753章 争吵
813516416	第1754章 各执己见
813517609	第1755章 翻脸无情
813877552	第1756章 两边算计
813879945	第1757章 白子蕲的判断
813949177	第1758章 妙湛天出手
813948921	第1759章 杀着
814017218	第1760章 一个条件
814017381	第1761章 裂了
814338862	第1762章 你背后是谁？
814342168	第1763章 是真是幻？
814611929	第1764章 互相试探
814615420	第1765章 红魔
814741700	第1766章 魍魉与九幽
814742136	第1767章 留给天宫的坑
814902954	第1768章 蜃仙的小秘密
814904469	第1769章 全员撤离
815014648	第1770章 暗流汹涌
815014588	第1771章 过界
815100483	第1772章 界限与颠倒
815101629	第1773章 神鬼莫测之能
815178351	第1774章 “现世”
815178921	第1775章 怪异的居民
815336708	第1776章 被整个世界抗拒
815338487	第1777章 较量早就开始
815548792	第1778章 上了发条的人偶
815549168	第1779章 哨探与伪装
815670856	第1780章 加码与破解
815671514	第1781章 神火天陨
815774678	第1782章 火速进门
815774924	第1783章 生灵尽灭
816004045	第1784章 神火大阵
816003897	第1785章 争夺控制权
816076547	第1786章 三向开战
816077057	第1787章 至宝返场
816154333	第1788章 再给一个教训
816155912	第1789章 千幻的迫不得已
816324460	第1790章 莳媄神
816325529	第1791章 被拒绝的弟子
816470575	第1792章 赤焰角蝰
816471134	第1793章 强势与藏锋
816581265	第1794章 消失的半炷香
816582627	第1795章 千幻的檐铃
816710352	第1796章 颠倒海的真面貌
816710842	第1797章 两个世界
816840641	第1798章 两手准备
816840770	第1799章 都没有退路
816950064	第1800章 幼苗
816950049	第1801章 颠倒海最危险的地方
817085654	第1802章 劈地
817086791	第1803章 千幻出手
817333826	第1804章 仙魔斗法
817334199	第1805章 一面倒
817671918	第1806章 峰回路转
817672345	第1807章 破壁
817853413	第1808章 千幻的真面目
817854276	第1809章 妙湛天的小秘密
818108732	第1810章 最后的孤城
818112528	第1811章 暗中潜伏
818231809	第1812章 再当一次幕后黑手
818231790	第1813章 互揭老底
818306448	第1814章 拖他下水
818309863	第1815章 为自己谋条生路吧
818397775	第1816章 有些事不能妥协
818398912	第1817章 树上的龙头
818615534	第1818章 不对劲了
818616550	第1819章 报私仇的龙
818785562	第1820章 劝说
818790059	第1821章 抓捕贺骁
819274613	第1822章 憋屈
819282116	第1823章 截击
819456697	第1824章 开打
819456864	第1825章 缠斗
819615609	第1826章 强者靠实力说话
819616144	第1827章 无力回天
819691349	第1828章 芒毒
819692255	第1829章 我们还有私怨
819787244	第1830章 请仙尊上路
819792078	第1831章 就差一点点
820127874	第1832章 拉壮丁
820128644	第1833章 一触即发
820339967	第1834章 血魔的真面目
820340573	第1835章 大天魔的力量
820513031	第1836章 没有短板
820516526	第1837章 憋屈和愤怒
820843248	第1838章 大吃特吃
820843485	第1839章 玉石俱焚
821092520	第1840章 那一天，那一刻
821093650	第1841章 钟胜光的托付
821217236	第1842章 拒食
821217289	第1843章 跟我走吧
821266089	仙人茶话会15：从创作视角，看最后一战
821301265	第1844章 九幽大帝身上的零件
821304743	第1845章 后事与照管
821528166	第1846章 被千古扬名
821531244	第1847章 区别对待
821661821	第1848章 无爱无恨，但誓不两立
821699214	第1849章 虚实相织
821980440	第1850章 论辩
821980904	第1851章 愚陋众生
822212082	第1852章 五四三二一
822212542	第1853章 满载而归
822346612	仙人茶话会16： 颠倒海内的战争
822404794	第1854章 惊天噩耗
822404455	第1855章 怎么办？
822424811	收卷通知
822466256	第1856章 刑龙柱的新用法
822465877	第1857章 弥天的仇恨
822558715	第1858章 天神往事
822559718	第1859章 咬牙掐劲
822766837	第1860章 亡者转生
822773162	第1861章 他的因果
822919194	第1862章 金莲花开
822919852	第1863章 妙啊，大妙
823079790	第1864章 神龙上天
823079705	第1865章 流言四起
823248925	第1866章 喧嚣与暗流
823250050	第1867章 守得云开
823363524	第1868章 灰鲸港
823364089	第1869章 本地妖王
823434427	第1870章 压倒
823436489	第1871章 卧虎藏龙
823509549	第1872章 豫神
823510767	第1873章 九幽大帝的真面目
823683683	第1874章 激辩
823683565	第1875章 都这么熟了
823849220	第1876章 交换情报
823849320	第1877章 奈落天的提议
823941018	第1878章 你守得住吗？
823941283	第1879章 打不掉的商会
824071136	第1880章 诉苦
824071523	第1881章 千丝万缕
824187460	第1882章 金字招牌的份量
824187035	第1883章 阳奉阴违
824259381	第1884章 要权
824260151	第1885章 纷至沓来
824340335	第1886章 请神
824340734	第1887章 奇怪的铎城
824458677	第1888章 一脚踩进兵窝窝
824458825	第1889章 愿赌服输
824580695	第1890章 开工！
824585611	第1891章 血流成河
824703410	第1892章 积极认捐
824703886	第1893章 三令五申
824822044	第1894章 烽烟四起
824823348	第1895章 理智还是疯魔
824979225	第1896章 针锋相对
824979290	第1897章 不明所以
825059990	第1898章 战火烧进家门
825061294	第1899章 围点打援
825138754	第1900章 如入无人之境
825138791	第1901章 来自九幽的武器
825300677	第1902章 盛名不虚
825306919	第1903章 为什么！
825498941	第1904章 不要自我感动
825499404	第1905章 进攻策略
825522426	第1906章 龙神眼中的世界
825522270	第1907章 好日子倒计时
825677877	第1908章 乡巴佬没见识
825678681	第1909章 九幽大帝的三个弱点
825753316	第1910章 合起来欺负人
825753383	第1911章 疑问和试探
825823659	第1912章 相差十万八千里
825824254	第1913章 长治久安的办法
825894594	第1914章 年轻和野心
825894605	第1915章 改口
825962935	第1916章 同心协力
825963090	第1917章 盘龙城的手段
826023119	第1918章 祸乱之种
826023520	第1919章 军城
826023807	蛇年大吉！
826024911	第1920章 紫坞会
826089292	第1921章 仙人与闪金
826090467	第1922章 出卖与背叛
826205417	第1923章 壶中城
826205679	第1924章 盘龙城的火种
826238452	第1925章 症结
826284597	第1926章 怎不许别人功德无量？
826455014	第1927章 应拿尽拿
826467294	第1928章 龙神军的大忌
826531428	第1929章 第三类人
826531725	第1930章 你看这三个饼好圆
826616222	第1931章 全新的机遇
826616221	第1932章 新主人
826697405	第1933章 时也，势也
826698450	第1934章 地底的异常
826827091	第1935章 两千年前的争斗
826827385	第1936章 洞天福地
826954197	第1937章 瘿
826956620	第1938章 神兵应有名
827093477	第1939章 历史的转身
827097254	第1940章 争论
827285457	第1941章 开门见山
827287010	第1942章 九幽的软肋
827378517	第1943章 天宫的助力
827379417	第1944章 这里也在画饼
827522616	第1945章 无伤大雅
827522599	第1946章 无所不用其极
827661127	第1947章 被杀的城守
827661434	第1948章 逃亡的范家
827789689	第1949章 这才是乱世的常态
827790456	第1950章 杀人如宰鸡
827912596	第1951章 涂山放
827913093	第1952章 近在眼前的兵祸
828070466	第1953章 从亡命之徒到龙神战士
828073300	第1954章 被龙神改变的命运
828166227	第1955章 龙神的真正馈赠
828167243	第1956章 再辟一个新战场
828251118	第1957章 再给九幽大帝挖坑
828251702	第1958章 越来越差的形势
828390226	第1959章 明里暗里的战斗
828392071	第1960章 前线总汇
828515175	第1961章 需要一场标志性的大胜
828515379	第1962章 这就是大好机会
828755492	第1963章 潜龙勿用
828758312	第1964章 唇枪舌剑
829246482	第1965章 铁一般的事实
829250807	第1966章 逼宫
829436112	第1967章 神兵天降
829436524	第1968 0帧起手，打断施法
829537042	第1969章 司徒鹤的最后尝试
829537160	第1970章 我愿意
829631340	第1971章 统络人心
829633381	第1972章 每一方都在望眼欲穿
829848433	第1973章 龙神显灵
829849600	第1974章 一寸山路一寸血
830092007	第1975章 等待中的援军
830092710	第1976章 钱不够花了
830217939	第1977章 日理万机
830218098	第1978章 国际视野与大国外交
830344469	第1979章 谁熬不住谁知道
830345609	第1980章 不可能的战斗
830547180	第1981章 各自算计
830547509	第1982章 内奸
830687370	第1983章 逆转直下
830687383	第1984章 这一夜……
830788419	第1985章 对手的主动撩战
830793122	第1986章 撤退
830939567	第1987章 战争的底色
830939866	第1988章 正面厮杀
831178490	第1989章 你中大奖了
831179275	第1990章 不进圈套
831307479	第1991章 来了
831311900	第1992章 奇怪的迷阵
831455330	第1993章 无穷无尽
831456597	第1994章 突破口
831601324	第1995章 “母亲”
831601754	第1996章 打垮
831700228	第1997章 早就见识过的噩梦
831702188	第1998章 他乡再相逢
831865349	第1999章 来袭！
831865477	第2000章 抓与逃
832190259	第2001章 求仁得仁
832196004	第2002章 他必须承受之重
832363186	第2003章 天宽地阔，何处不得作为？
832363863	第2004章 最大的恶
832595468	第2005章 棘手的道义问题
832596357	第2006章 青阳的困境
832768513	第2007章 会面
832771396	第2008章 凝聚千年的愿望
832986550	第2009章 不费一兵一卒
832987950	第2010章 意外总是突如其来
833084359	第2011章 用最好的将，领最差的兵
833085716	第2012章 万里之外传音讯
833182512	第2013章 这怎么可能呢？
833183210	第2014章 渐渐推进的阴谋
833335669	第2015章 龙神大点兵
833335890	第2016章 奇特的制度
833493324	第2017章 落凤潭
833493439	第2018章 献祭？
833679985	第2019章 被提前的终局
833680546	第2020章 木宿的手段
833850625	第2021章 木王鼎
833851878	第2022章 差生
833955051	第2023章 大道至简
833955079	第2024章 加码
834047939	第2025章 塔防开始！
834050486	第2026章 集火
834142379	第2027章 战术误判
834142772	第2028章 各显身手
834278402	第2029章 大，大，大！
834278666	第2030章 反杀！
834473994	第2031章 是立场之争，也是气运之争！
834474342	第2032章 冲天而起
834579170	第2033章 破鼎而出，向天生长
834581102	第2034章 交换答案
834739324	第2035章 曾经的谜团
834744169	第2036章 尘缘已尽，一朝梦醒
834909378	第2037章 木宿真君
834909763	第2038章 伤
835002626	第2039章 该摊牌了
835004393	第2040章 该来的躲不过
835089725	第2041章 上位者的心术
835093311	第2042章 应王后的试探
835330076	第2043章 寸土必争
835344080	第2044章 抢不下的土地，打不完的敌人
835466487	第2045章 重磅贺礼
835467315	第2046章 大国手段
835666266	第2047章 波澜再起
835670767	第2048章 兵祸将至
835814851	第2049章 飞传的情报
835816034	第2050章 各自备战
835911694	第2051章 有备而来
835911802	第2052章 峰回路转！
836003114	第2053章 不战而屈人之兵
836003418	第2054章 为计深远
836099646	第2055章 君臣密议
836100021	第2056章 进攻，进攻，进攻！
836283538	第2057章 天魔走狗的下场
836285863	第2058章 飞龙在天
836456722	第2059章 回看来路
836460474	第2060章 青阳遗书
836591464	第2061章 花开花谢无常，灯燃灯灭有尽
836595117	第2062章 最后的情报
836735835	第2063章 繁华之城
836737907	第2064章 第二条出海线路
836865320	第2065章 翻脸的自由港
836867429	第2066章 灵山开出来的条件
836945463	第2067章 钟胜光的回绝
836955000	第2068章 盘龙城与闪金的处境
837056036	第2069章 不舍的告别
837055723	第2070章 责任即业力
837176058	第2071章 大方壶的器灵
837176216	第2072章 元力的变化
837374877	第2073章 灵山的要求
837381915	第2074章 互需又互斗
837516962	第2075章 互画大饼
837518525	第2076章 诱之以利
837633280	第2077章 仙魔相争的本质
837634497	2078章 制度之争
837763506	第2079章 终于过关
837764455	第2080章 从一开始就避坑
837854132	第2081章 又见故人来
837854566	第2082章 梅妃最擅长的工作
837949178	第2083章 她的新身份
837948660	第2084章 再造之恩！
838107710	第2085章 百列的意外
838113767	第2086章 必死局
838340470	第2087章 包藏祸心
838340956	第2088章 西边不亮东边亮
838525310	第2089章 撞见的意外
838529399	第2090章 未亡人
838723722	第2091章 动嘴不成就上手
838723882	第2092章 强行签字
838860784	第2093章 开辟新的战场
838862131	第2094章 大哥的岛！
838946350	第2095章 偷懒的岛主
838946098	第2096章 你们长得挺像
839073987	第2097章 不按常理出牌的兄长
839074746	第2098章 即将打响的大会战
839180426	第2099章 前往大战之地
839181420	第2100章 百丘源！
839400239	第2101章 老哥的风格
839401563	第2102章 决战
839494634	第2103章 尘埃落定
839495244	第2104章 贺灵川最需要的礼物
839495657	第2105章 务实的奈落天（加更）
839498138	五一快乐！
839496302	第2106章 叙旧（加更）
839497295	第2107章 战争的升级（加更）
839700768	第2108章 雅国的窘境
839701663	第2109章 苍晏的复仇之战
839793087	第2110章 帝欲退之，必先进之
839794719	第2111章 御前争论
839878992	第2112章 素泖青溪的东家
839878886	第2113章 互相试探
839974534	第2114章 疑心
839974618	第2115章 反常之事
840059542	第2116章 以身作饵
840060211	第2117章 雅国的应对
840185566	第2118章 九幽大帝的条件
840185963	第2119章 言而有信
840313751	第2120章 凯旋
840313847	第2121章 家门前的对峙
840439593	第2122章 登堂入室
840439651	第2123章 百列是我的！
840600453	第2124章 最后的希望
840601178	第2125章 仙祖遗宝
840687836	第2126章 鹿鸣鼎
840690496	第2127章 鹿振声的算计
840753808	第2128章 降伏与对抗
840770832	第2129章 从前与现在
840932592	第2130章 现我吞掉了前我
840933493	第2131章 现在与未来
841046843	第2132章 唯一的活路
841046875	第2133章 未来取代了现在
841178614	第2134章 命运节点与凶案重放
841181347	第2135章 曲终人灭尽
841303083	第2136章 命运的审判
841305847	第2137章 仙祖遗宝的真面目
841455596	第2138章 人性的最底层
841455768	第2139章 下一个目标
841549192	第2140章 变天了
841550394	第2141章 又是苍晏！
841640058	第2142章 此强彼弱
841640614	第2143章 九幽大帝抛出的讯号
841788882	第2144章 等一个不世之才
841793360	第2145章 一个打不完，一个不能打
841908939	第2146章 救美
841910035	第2147章 五年后的再会
842029825	第2148章 自证
842030030	第2149章 各挖陷阱
842294338	第2150章 切入正题
842298734	第2151章 不情之请
842412895	第2152章 从实力和地位出发
842413869	第2153章 刀锋港的回归
842500421	第2154章 如火如荼
842504139	第2155章 针对神明的试炼
842563605	第2156章 奈落天的来意
842564536	第2157章 弥天与死亡神格
842755462	第2158章 天上乱象纷呈
842755601	第2159章 人间战火不断
842902505	第2160章 任重道远
842903367	第2161章 风波定
843021342	第2162章 对内经策
843021368	第2163章 未来可期
843168638	第2164章 孑然一身
843169034	第2165章 各存异心
843338063	第2166章 以战止战
843338531	第2167章 相噬
843429761	第2168章 向游大人请教
843430412	第2169章 吝啬富家翁
843644843	第2170章 董锐出差
843645215	第2171章 堂而皇之地为难别人
843740594	第2172章 欲先取之，必先予之
843742231	第2173章 战争的横财
843878760	第2174章 辞行
843878465	第2175章 不能成功的关键
844022347	第2176章 暗藏的危机
844022581	第2177章 元力的新变化
844173042	第2178章 新的希望
844173492	第2179章 和平的曙光
844365976	第2180章 共同的立场
844367921	第2181章 雅国之殇
844456102	第2182章 天灾还是人为？
844460581	第2183章 又出事了
844545742	第2184章 越发危险的局势
844547481	第2185章 暗潮汹涌
844683990	第2186章 西罗国变
844686374	第2187章 拿还是不拿
844816399	第2188章 大开杀戒的弥天
844816782	第2189章 明灯盏即将唤醒的存在
844958150	第2190章 猎杀弥天计划！
844960012	第2191章 龙神与古神的分歧
845106088	第2192章 最珍重的托付
845108624	第2193章 红将军的要求
845227125	第2194章 霸主亲自下场
845227166	第2195章 忐忑
845317277	第2196章 命运弄人
845319324	第2197章 明心证意
845418839	第2198章 神枪赠英雄
845418843	第2199章 破敌论
845544789	第2200章 众生之力
845545392	第2201章 摊牌了
845649126	第2202章 最奇特的妖仙
845649759	第2203章 一对一请教
845795966	第2204章 止战之法
845797784	第2205章 图穷匕现
845950890	第2206章 天宫的妖傀研究
845951282	第2207章 实验成功的方向
846075012	第2208章 九幽策略的含金量
846078048	第2209章 想换工作了
846176312	第2210章 圣人请吩咐
846177305	第2211章 磨不完的洋工，打不完的仗
846267447	第2212章 什么都变了，什么都没变
846268496	第2213章 仙灵湖畔硝烟再起
846419303	第2214章 神降
846420044	第2215章 血蛤蟆
846577312	第2216章 灌输生命之力
846592678	第2217章 魔界战神驾到！
846712681	第2218章 按兵不动
846713612	第2219章 一枪之威
846939391	第2220章 一击毙敌
846939771	第2221章 幸不辱命！
847051358	第2222章 神之对决
847052766	第2223章 内外大战
847146043	第2224章 红将军助阵
847146311	第2225章 顶尖力量的激情碰撞
847239249	第2226章 古神的殊死一搏
847239631	第2227章 最后的消泯
847240047	第2228章 大名鼎鼎的死亡神格（加更2000字）
847241013	第2229章 自有后来人（加更3000字）
847252479	仙人茶话会17：迷雾与现实
847392030	第2230章 日新月异
847391869	第2231章 新环境和新形势
847713166	第2232章 时代的浪花，拍谁谁死
847713562	第2233章 历史的疯狂倒溯
847820414	第2234章 红眼的怪物
847820674	第2235章 玄晶大盗的真面目
847962283	第2236章 落网
847970095	第2237章 变害为宝，大国之能
848132555	第2238章 变脸
848135372	第2239章 闪金第一大城
848243931	第2240章 奇异之地
848244897	第2241章 一花覆城
848343133	第2242章 世间变幻，人海浮沉
848344563	第2243章 当年秘辛
848494034	第2244章 孙红叶的敲门砖
848495269	第2245章 古怪的神降
848640404	第2246章 摆事实讲道理
848645569	第2247章 孤家寡人
848767639	第2248章 栖霞宗视角
848773089	第2249章 唐经野献计
848949491	第2250章 执政得人心的秘密
848961205	第2251章 斯人已去
849110388	第2252章 无法逃避的宿命
849111024	第2253章 藏在情报中的秘密
849198159	第2254章 风水轮流转
849198286	第2255章 乱象的突然中止
849310797	第2256章 灵虚圣尊的手段
849310500	第2257章 个体力量的极限
849476100	第2258章 下一场冒险准备
849476194	第2259章 龙神夜巡
849621247	第2260章 回不去的家
849623652	第2261章 名门里的名门
849782703	第2262章 虚灵之祖
849783742	第2263章 等不来的水，挖不完的山
850001067	第2264章 仙门循旧例
850001754	第2265章 人国立新规
850129253	第2266章 魔与人的完美融合
850130132	第2267章 渴水的民生
850236780	第2268章 全民寻踪
850237369	第2269章 史料与现状
850327181	第2270章 来戏了
850328894	第2271章 不过就来敲了个门
850514834	稿子需要修改
850524364	第2272章 歇脚亭
850524580	第2273章 强行续命
850639993	第2274章 怪异的唐经野
850640566	第2275章 驱虎吞狼之计
850764777	第2276章 这里有个知情人
850764644	第2277章 高超的监控手段
850889746	第2278章 三十息
850890382	第2279章 水镜糊了
851129378	第2280章 下山进城
851129799	第2281章 空白的壁画
851222589	第2282章 自投罗网
851222938	第2283章 附骨之疽
851319653	第2284章 超强之间的对抗
851320773	第2285章 假的假的，都是假的
851480829	第2286章 自由发挥
851481929	第2287章 穹隆之力
851621442	第2288章 密不透风
851622452	第2289章 战术应对大神通
851700148	第2290章 世代变了
851708602	第2291章 十五年后再重逢
852080739	第2292章 反话正说
852085906	第2293章 功德无量霜叶国师
852319125	第2294章 鳄鱼的眼泪
852319966	第2295章 霜叶的交易
852371966	第2296章 天魔遇到的麻烦
852406208	第2297章 阳关道
852509692	第2298章 我信你
852511626	第2299章 我半个字都不信
852690989	第2300章 最重要的收获
852692392	第2301章 这个人
852880559	第2302章 物归原主
852881279	第2303章 加强版大娘
853011576	第2304章 夕阳将尽
853018618	第2305章 不睦的种子
853145614	第2306章 天神的两套方案
853146478	第2307章 错综复杂与互相谋算
853311196	第2308章 眼前的迷雾
853312409	第2309章 天宫的新主使
853400619	第2310章 临终托言
853404337	第2311章 三十五年梦醒
853502042	第2312章 天神眼皮底下动手脚
853503620	第2313章 逃不出的魔掌
853636464	第2314章 王炸的情报
853643427	第2315章 来了来了
853866368	第2316章 自由了，自由了
853870004	第2317章 急流勇退的心思
854023950	第2318章 漫长的夜
854058137	第2319章 幕后人
854180974	第2320章 识时务者为俊杰
854186356	第2321章 天宫的重大秘密
854337255	第2322章 紫阳心魔
854337765	第2323章 心渊
854444250	第2324章 帝王的“人情”
854444755	第2325章 心锁完好
854543415	第2326章 返程
854545354	第2327章 破绽
854676027	第2328章 哪能这么算了？
854678680	第2329章 终于交付
854685532	仙人茶话会18：战争的多种形式
854834239	第2330章 空城
854836386	第2331章 地底冒出来的怪物
854978885	第2332章 地母的目标
854980123	第2333章 申国的急报
855164340	第2334章 遗迹吞噬者
855168585	第2335章 玉京城
855322912	第2336章 一个照面就结仇
855323480	第2337章 守护荒原的力量
855414366	第2338章 地母的推断
855420669	第2339章 各怀鬼胎
855518696	第2340章 暗中的关联
855519835	第2341章 穿针引线大萨满
855727551	第2342章 浮生暂寄梦中梦
855735780	第2343章 神龙见首不见尾
855908830	第2344章 沧海桑田
855909056	第2345章 糟糕透顶的消息
856063301	第2346章 历史再现
856067159	第2347章 最后的对策
856284100	第2348章 以身为系
856285663	第2349章 纠结的现状
856568914	第2350章 玉京城的试探
856579851	第2351章 唯一的办法
856800383	第2352章 荒寂里的生机
856800935	第2353章 废旧立新
856899393	第2354章 完美替身
856906323	第2355章 第三方势力
857295314	第2356章 互相监视
857302687	第2357章 长风谷往事
857542681	第2358章 地母的本体
857543170	第2359章 灵山仙人
857744687	第2360章 第四方介入
857745497	第2361章 截胡
857954763	第2362章 扎针
857975401	第2363章 到处都是眼线
858186439	第2364章 怀疑
858186884	第2365章 各自筹备
858293235	第2366章 红将军的回应
858294435	第2367章 重开秘境
858392054	第2368章 明晖与魔窟
858396510	第2369章 贴脸开打
858589224	第2370章 各展手段
858591465	第2371章 障眼法
858877972	第2372章 打不开的秘境入口
858880050	第2373章 新秘境的危机
859132951	第2374章 共同对敌
859133952	第2375章 潜入的途径
859274823	第2376章 最合适的携带者
859275389	第2377章 另一个目的地
859483508	第2378章 说机会，机会就来了
859483675	第2379章 开工了！开打了！
859584712	第2380章 被敲打的玉京城
859584915	第2381章 互掐
859685426	第2382章 混乱战场
859685795	第2383章 行动开始
859849442	第2384章 秘境信标
859850512	第2385章 游历玉京城
859973567	第2386章 地母的心火
859974124	第2387章 各奔秘境
860289866	第2388章 五丈路两个陷阱
860290720	第2389章 山门驻地旧时光
860464612	第2390章 炼狱中的囚徒
860468011	第2391章 幕后黑手
860617535	第2392章 废材逆袭的人生
860617905	第2393章 宗门饲虎，尾大不掉
860720129	第2394章 地母的契约
860721398	第2395章 风中生火！
860813344	第2396章 我要你帮个忙
860815679	第2397章 各自的核心
861131014	第2398章 杜支山秘境
861131346	第2399章 长风谷门人
861491665	第2400章 风露金莲与上官飚
861492375	第2401章 大眼怪
861778049	第2402章 人微言轻，无人在意
861778465	第2403章 旷日持久的恨
861922731	第2404章 杀人灭口
861922914	第2405章 被掏空的家底
862083780	第2406章 唯有力争上游
862083809	第2407章 判断一致
862208957	第2408章 莫名的声音
862209228	第2409章 驰山贼
862373259	第2410章 处处都是破绽
862374194	第2411章 金莲=陷阱？
862520668	第2412章 事出反常必有妖
862520953	第2413章 破伪还真
862744611	第2414章 上啊！还客气啥？
862750818	第2415章 人赃俱获
863071766	第2416章 不可告人之处？
863071386	第2417章 互相试探
863159312	第2418章 唯一的活路
863159626	第2419章 内外交攻
863253713	第2420章 入侵盘龙古城！
863253742	第2421章 地缝里的危险
863344334	第2422章 血露金丹
863344051	第2423章 被惊动的宗门
863439329	第2424章 如虎添翼
863439592	第2425章 枪来！
863527807	第2426章 一锅端走的计划
863528417	第2427章 新秘境现身
863624596	第2428章 这么好骗？
863624528	第2429章 各有算计
863721614	第2430章 地母的通天手段
863722012	第2431章 九幽大帝的另一个目标
863859207	第2432章 未必是人
863863699	第2433章 主动召唤
863994646	第2434章 入魔
863995061	第2435章 你会怎么选？
864163970	第2436章 这就是命！
864164376	第2437章 岂有此理！
864287366	第2438章 弱者一无所有，强者通吃一切
864287737	第2439章 地上地下，各自忙碌
864502257	第2440章 言咒球
864511587	第2441章 转机来了
864643757	第2442章 真正的地母
864643727	第2443章 上官飚的后手
864772928	第2444章 以城池为棋盘
864777685	第2445章 双管齐下
864890326	第2446章 主导权之争
864890243	第2447章 改变命运的唯一机会
864894383	第2448章 两大骗子的正面对决（加更）
864908725	仙人茶话会19
865012668	第2449章 要害系于人手
865013362	第2450章 忘恩负义的东西
865141345	第2451章 世间之大，无容身之所
865144104	第2452章 角力
865244736	第2453章 都是背水一战
865245499	第2454章 该你们出手了
865459630	第2455章 四大神降，一位天神
865460310	第2456章 致胜的关键
865645725	第2457章 从未遇过的怪事
865650533	第2458章 秘境对决
865770474	第2459章 力量的碰撞
865774303	第2460章 必要损耗罢了
865950964	第2461章 该信谁的？
865951931	第2462章 天魔来袭
866130261	第2463章 解决一个
866132127	第2464章 序令神格
866218465	第2465章 各施手段
866219585	第2466章 震聋发聩
866332609	第2467章 千钧一发
866334772	第2468章 绝地一击
866524438	第2469章 “身魂适配”第一原则
866540602	第2470章 胜负已分
866701359	第2471章 啊，母尊大人！
866701638	第2472章 嘿，三十年城东，三十年城西
866866311	第2473章 自己杀了自己
866867612	第2474章 你是谁？
867001553	第2475章 众叛亲离
867001982	第2476章 阳关道的下落
867192333	第2477章 一路逃蹿
867193229	第2478章 穷途末路
867716037	第2479章 我们是同类啊
867716588	第2480章 重归于命运的深潭
867813873	第2481章 圣人想要感化你
867818485	第2482章 你们就是不想让我走嘛
868145834	第2483章 全新的共生关系
868147996	第2484章 墙下的蚊子血
868255987	第2485章 碎了，没了
868257063	第2486章 玉京城大盘整
868557471	第2487章 九幽的战果
868558764	第2488章 招揽人才
868723515	第2489章 何惧艰难风险？
868726847	第2490章 舍本逐末的一生
869018710	第2491章 繁华空城
869018959	第2492章 风雨之后故人来
869100451	第2493章 奈落天的态度
869101258	第2494章 一百七十年来的告别
869233482	第2495章 诸神公敌
869234287	第2496章 进击的奈落天！
869492849	第2497章 灵虚受挫，人间倒霉
869493471	第2498章 最稳固的结构
869510198	仙人茶话会20：上官飚的路
869669227	第2499章 地铁下一站，抵达
869670110	第2500章 白松城与烟霞湾（2500章，里程碑打卡！）
869859566	第2501章 被盯上了
869860019	第2502章 奇怪的城规
870089911	第2503章 嫁接天线
870091296	第2504章 乱世中的太平城
870280361	第2505章 小贼
870280676	第2506章 太平城里的怪事
870374441	第2507章 捕风捉影的传闻
870375652	第2508章 越挖越多的蹊跷
870478493	第2509章 进行十年的实验
870479478	第2510章 无人可以离开
870744920	第2511章 初闻灵蕴宫
870753407	第2512章 再一次冒脸顶替
871004533	第2513章 鹰嘴镇
871004998	第2514章 隐藏神格
871192788	第2515章 群山里的梯田
871194656	第2516章 小世界的法则
871355578	第2517章 这该死的因果
871356013	第2518章 被提到前排的后备计划
871525267	第2519章 按步就班
871526709	第2520章 第一步完成
871614176	第2521章 狡猾的妖傀
871614566	第2522章 食古书与九连环
871717923	第2523章 无孔不入的窥探
871718341	第2524章 计划有变
871927101	第2525章 严重事故
871927395	第2526章 小小波折，拿下拿下
872089311	第2527章 按流程走完
872090467	第2528章 奇人奇事
872227768	第2529章 四万分之七
872228139	第2530章 夺造化之功
872379618	第2531章 莲谷深处
872380400	第2532章 阿莲
872662737	第2533章 诓骗小姑娘
872670142	第2534章 最珍贵的特性
872769913	第2535章 争执不下
872770276	第2536章 讨价还价
872874606	第2537章 又得随机应变
872880873	第2538章 蹭出来的机会
873599159	第2539章 䁇隐神君的真面目！
873604990	第2540章 王茂实
873731462	第2541章 负隅
873731866	第2542章 带走䁇隐神君的办法
873918684	第2543章 胡昕出的主意
873920876	第2544章 一箭三雕的计划
874042355	第2545章 心照不宣的小秘密
874043245	第2546章 都是对付人的伎俩
874219211	第2547章 怀疑与应对
874219260	第2548章 各自肚肠
874322234	第2549章 即将被攻克的难关
874323055	第2550章 出发出发
874419929	第2551章 随心所欲段大师
874420536	第2552章 野放
874598252	第2553章 妖傀们的宿命
874606650	第2554章 联手诱骗
874730625	第2555章 进城喽
874732332	第2556章 被抓喽
874960048	第2557章 你为什么要帮我？
874960160	第2558章 沉迷游戏不可自拔
875148673	第2559章 段大师失踪
875149059	第2560章 天宫的应对
875405343	第2561章 身份猜想
875407666	第2562章 各自算计
875510478	第2563章 弱水之地
875511127	第2564章 伏击战
875616677	第2565章 尔虞我算
875616747	第2566章 确认敌方身份！
875851935	第2567章 误导与准备
875853963	第2568章 条分缕析
875971355	第2569章 仙魔大集结
875971419	第2570章 怪诞之地
876121480	第2571章 来自强硬对手的偷袭
876126094	第2572章 逮到了！
876300967	第2573章 双方都是一头雾水
876302253	第2574章 阖卢天的重大失误
876516328	第2575章 休想自爆
876518750	第2576章 庚玥返宫
876621700	第2577章 那里才是你该待的地方
876622279	第2578章 煞有介事
876729957	第2579章 不妙，大大不妙
876732567	第2580章 最强大的生命
877006007	第2581章 咫尺天涯
877006673	第2582章 BOSS
877144011	第2583章 各有通天手段
877144412	第2584章 收！
877300640	第2585章 九幽出马，从不失手
877301201	第2586章 双向奔离
877440178	第2587章 贺灵川的特权
877442713	第2588章 世事没有如果
877664244	第2589章 九幽干的缺德事
877665590	第2590章 别浪费，都用掉
877770897	第2591章 关于圣尊的阴谋论
877770681	第2592章 倒查泄密事件
877869957	第2593章 追因溯源
877871290	第2594章 九幽大帝的软肋
878022527	第2595章 端木珩的策略
878031628	第2596章 分组实验
878223296	第2597章 西边战火起
878233057	第2598章 海市蜃楼
878439211	第2599章 地母的工作
878442695	第2600章 消失的雾
878806565	第2601章 巨大的变数
878807475	第2602章 回家的钥匙和命运的审判
878914942	第2603章 盆底视角
878915619	第2604章 欢迎回归
879021405	第2605章 被暗算的虎翼将军
879022076	第2606章 是真是幻，亦真亦幻
879143158	第2607章 又是大萨满的手笔
879147903	第2608章 穿越时空的对视
879296332	第2609章 由虚返实的界限
879308657	第2610章 你这是必死之局
879386248	第2611章 家
879388043	第2612章 第一个噩耗
879557033	第2613章 回归
879557904	第2614章 不惜任何代价！
879726496	第2615章 伤亡的天文数字
879731544	第2616章 纠结复杂的局势
879912660	第2617章 老友重逢
879912455	第2618章 左右脑互搏的贝迦
880010512	第2619章 外战与内乱
880011336	第2620章 动员誓师
880133720	第2621章 第二种可能
880134461	第2622章 防范于未然
880313420	第2623章 最向往的人
880313967	第2624章 玩世不恭贺大少
880510805	第2625章 惊动全城
880512850	第2626章 天家之事
880813360	第2627章 天上的乱摊子
880818392	第2628章 父子盘算
881020484	第2629章 惊天噩耗
881021163	第2630章 毗邻贝迦的悲哀
881208696	第2631章 用人之道
881208733	第2632章 后来居上的代价
881307652	第2633章 成功的实验优化
881307956	第2634章 圣尊改变了主意
881430342	第2635章 地狱还有十八层
881430443	第2636章 降低的待遇
881591256	第2637章 每况愈下
881591964	第2638章 元力的共振之秘
881737966	第2639章 虎翼的歪主意
881745374	第2640章 椋鸟平原
881881231	第2641章 野心勃勃，还是老父无德？
881881917	第2642章 先吃吃开胃小菜
882075618	第2643章 涪泸沟鏖战
882076702	第2644章 擅用地利
882276224	第2645章 元力的妙用
882276566	第2646章 一局定胜
882372609	第2647章 天上的癫狂
882386552	第2648章 托孤
882485978	第2649章 私下会晤
882488550	第2650章 霜叶的危机
882661174	第2651章 霜叶的推断
882661737	第2652章 无可避免的未来
882828766	第2653章 二十年后再会面
882833851	第2654章 我会替你烧纸
882952033	第2655章 去中流击水！
882953242	第2656章 第一记重拳
883113338	第2657章 于无声处听惊雷
883114719	第2658章 苍晏，启动
883411865	第2659章 一纸称臣
883413744	第2660章 这怎么可能！
883682627	第2661章 吵成一团
883713456	第2662章 苍晏和毋松的出招
884468483	第2663章 代为斡旋
884472457	第2664章 应接不暇
885619392	第2665章 被区别对待的申国
885625799	第2666章 乐观与纠结
886562597	第2667章 人心动荡
886563038	第2668章 为什么要说“又”？
886765742	第2669章 无故暴毙
886765848	第2670章 坏了规矩的玩法
886955877	第2671章 三心二意
886956407	第2672章 送你一个天大的功劳
887259151	第2673章 天宫藏得最深的秘密
887258995	第2674章 动摇国本
887364412	第2675章 一个又一个惊天秘密
887367317	第2676章 十万火急！极度隐秘！
887461804	第2677章 不费一兵一卒
887461937	第2678章 战争的转机
887655922	第2679章 让人绝望的战争
887657367	第2680章 盘龙的尖刀
887893581	第2681章 那才是我该去的战场
887893834	第2682章 追光者向光而行
888076470	第2683章 风暴就要来了
888080713	第2684章 光速落败
888301956	第2685章 新帅上任
888302477	第2686章 交手
888420336	第2687章 万军之中的追杀
888421614	第2688章 何尝不是宿命？
888504310	第2689章 煞星驾到
888506239	第2690章 受制于人
888597664	第2691章 不是自己的锅不能背
888597387	第2692章 互相加码
888665210	第2693章 斩杀后勤线
888665334	第2694章 来了来了
888665995	过年好！
888666040	第2695章 深思熟虑（新年加更）
888747106	第2696章 好，展开行动
888747306	第2697章 并不可疑的小镇
888821521	第2698章 没有隐情
888821839	第2699章 艰难的决定
888919357	第2700章 前所未有大阵仗
888919724	第2701章 华袍底下的烂疮疤
889008015	第2702章 幻灭之后的暴动
889010436	第2703章 打得最累的一场战争
889097438	第2704章 软化还是反击？
889097690	第2705章 天魔的算盘
889187947	第2706章 末日危机同步
889188126	第2707章 荒唐之事，往往有不荒唐的理由
889292693	第2708章 重演现实之乱
889293174	第2709章 帝流浆的福利
889482645	第2710章 福兮祸之所倚
889482635	第2711章 来自宿命的强大抗力
889501036	第2712章 真凶浮出水面
889653012	第2713章 他追，他逃，目标燎天原！
889698160	第2714章 有意义的抗争
889793886	第2715章 曙光终至！
889957368	第2716章 数百年未有之变局
889959263	第2717章 来自圣尊的最高神谕
890197995	第2718章 事已至此，别无选择
890213462	第2719章 假诏备战
890296011	第2720章 命运的最终考验
890297296	第2721章 该来的还是来了
890320414	第2722章 两方势力对接
890903713	第2723章 退而问其次
891051473	第2724章 帮，还是不帮？
891054739	第2725章 命运轮盘开始启动
891191146	第2726章 不愉快的梦境
891190919	第2727章 冲破深渊的束缚
891344818	第2728章 只有幸福安祥，永无疲惫痛苦
891349464	第2729章 悄然潜入
891352399	第2730章 两头堵
891619559	第2731章 我来断后！
891745731	第2732章 能拖一刻是一刻
891746681	第2733章 盘龙城的最后一战
891861297	第2734章 动摇军心
891873080	第2735章 力量的对比
892070569	第2736章 盘龙世界的群神降临
892070835	第2737章 对症下药
892200351	第2738章 因果缠绕与死亡印记
892268385	第2739章 被提前曝露的神技
892410033	第2740章 黑夜里的冥灯
892411013	第2741章 这要如何是好？
892643574	第2742章 好消息和坏消息
892644837	第2743章 战略第二步启动
892888037	第2744章 这一战的关键
892889049	第2745章 贺灵川的第一个目标
893002753	第2746章 成了？
893003333	第2747章 不死之身
893116256	第2748章 阴险的天赋
893117323	第2749章 把天神当耗材？
893379822	第2750章 尔虞我诈
893482455	第2751章 互破迷障
893731846	第2752章 一个活人都见不着
893732915	第2753章 新的突破口
893934722	第2754章 失踪的敌人
893936366	第2755章 插翅难飞
894106683	第2756章 牺牲
894149023	第2757章 再见盘龙古城
894304058	第2758章 齐心协力
894390605	第2759章 平原的反击
894508759	第2760章 糟糕的推断
894510353	第2761章 又是盘龙城！
894589010	第2762章 盘龙的另一幅景象
894633565	第2763章 热热闹闹的攻城大战
894672739	第2764章 各有所长
894915104	第2765章 恶毒的手段
895060181	第2766章 胶着
895086919	第2767章 缚龙阵！
895174672	第2768章 底牌与狡辩
895315976	第2769章 百战天
895471816	第2770章 入场
895539401	第1771章 凶威四射
895704213	第2772章 今晚的风特别喧嚣
895792458	第2773章 激情对撞
895834487	第2774章 看不懂的力量
895926435	第2775章 盘龙最大的短板
895954460	第2776章 三个时辰为限
896051714	第2777章 捉襟见肘
896171005	第2778章 按二号计划行事
896338046	第2779章 此消彼长
896386666	第2780章 时光斩
896698133	第2781章 不对等的代价
897020016	第2782章 五感剥夺
897027095	第2783章 黑暗的洪流
897124908	第2784章 命运的冲击
897186177	第2785章 没顶
897431342	第2786章 双重危机到来！
897431464	第2787章 我跟明天有个约定
897454527	第2788章 一悲一喜，战场百态
897544219	第2789章 里外乱战
897568809	第2790章 互相试探
897621291	第2791章 被扰乱的十万火急
897783357	第2792章 屋漏偏逢连夜雨
897783753	第2793章 毋庸多言，去吧
897875952	第2794章 让我看一看，大方壶的命运!
898031267	第2795章 改造命运神格
898053217	第2796章 红将军的命运
898165186	第2797章 他终于来了！
898262655	第2798章 卸下的重担
898418583	第2799章 地母失联的真相
898605021	第2800章 一样一样解决
898643699	第2801章 盘龙城大挪移
898676574	第2802章 无妨，这里有我
898736290	第2803章 倒计时开启！
898834206	第2804章 九幽大帝的枪和马
898885418	第2805章 梦境的迷宫
898973841	第2806章 地母的思考
899035686	第2807章 击穿紫花梦境！
899234277	第2808章 第二战场即将开启！
899278381	第2809章 下一个之后，还有下一个
899331584	第2810章 海皇的地盘？
899555520	第2811章 你终于来了！
899701907	第2812章 海王宫
899702821	第2813章 宣度和夜叉
899895033	第2814章 疑云大起
899983471	第2815章 人生何处不相逢？
900047747	第2816章 所视非人，所听非言
900101671	第2817章 唤醒！
900217971	第2818章 倒计时结束！
900219668	第2819章 星梦旅行
900352241	第2820章 失窃的赃物！
900430910	第2821章 毫无由来的袭击
900668929	第2822章 后面有东西来了
900672244	第2823章 滚滚红尘，销魂蚀骨
900855122	第2824章 奇怪的战利品
900880311	第2825章 我们回来了！
900972882	第2826章 敌人的窥伺
901030392	第2827章 幻乐女神的遗物
901080915	第2828章 下一个是谁？
901309308	第2829章 秘境现身！
901385782	第2830章 这就是个陷阱!
901426193	第2831章 黄沙秘境
901547562	第2832章 不耐烦的大天神
901549211	第2833章 珈娄天出手
901611090	第2834章 不装了，摊牌了
901767385	第2835章 珈娄天与九幽的间接角力
901938697	第2836章 法则对抗
901941806	第2837章 黄沙秘境
902094641	第2838章 让人恐惧的事实
902111314	第2839章 被破除的两大绝密！
902342757	第2840章 两边的争分夺秒
902392877	第2841章 人在城在！
902757947	第2842章 劝降
902848134	第2843章 伤敌一千，自损八百
902952189	第2844章 暂歇再战
902954853	第2845章 生离死别
902995262	第2846章 各有奇招
903068691	第2847章 不可能打赢的战斗
903179475	第2848章 都退后，我来
903198242	第2849章 命运之神，也要赌命！
903263212	第2850章 赌对了
903294500	第2851章 时间站在谁那一边？
903393827	第2852章 序令神格的漏洞
903452583	第2853章 这是你的最后一个选择
903652454	第2854章 站在命运的悬崖上
903656638	第2855章 重回战场
903887814	第2856章 恶化的局势
903888203	第2857章 贺灵川的新计划
904052086	第2858章 还有第二条路
904154180	第2859章 钟胜光的承诺与托付
904281342	第2860章 明日之后，人间一定更加美好
904281970	第2861章 狂沙季
904404374	第2862章 超能之战
904453482	第2863章 这一次行动，许胜不许败！
904667220	第2864章 为希望而战
904667337	第2865章 斩杀计划开始
904748625	第2866章 天外飞斧
904936556	第2867章 认不出的目标
905049752	第2868章 第二计划启动
905101234	第2869章 被堵死的蛇口
905295482	第2870章 血肉成山
905295799	第2871章 高怀远必须死！
905414455	第2872章 反攻，反攻！
905418139	第2873章 你的对手在这里
905504998	第2874章 两大神格的碰撞
905505619	第2875章 你活不久了！
905687351	第2876章 支离破碎！
905689657	第2877章 一击竞功
905905718	第2878章 世事如闻风里风
905910904	第2879章 原来是我
906102189	第2880章 帝君宾天
906124365	第2881章 椎心刺骨
906383125	第2882章 她终于来了
906383235	第2883章 你想不想救他？
906616537	第2884章 这叫作“切割”
906619214	第2885章 因果未尽、尘缘未了
906726497	第2886章 无常
906728736	第2887章 再一次，为人间而战！
906849862	第2888章 天地大冲撞
906851553	第2889章 山穷水尽疑无路
906944242	第2890章 大风起兮
906946568	第2891章 盘龙现
906954936	第2892章 势如破竹
907162891	第2893章 虚实转换
907413090	第2894章 空转的神格
907413365	第2895章 “序令”与“混乱”
907538133	第2896章 被屏蔽了
907538334	第2897章 逆转的神格
907770103	第2898章 要不要再赌一把？
907771560	第2899章 世上哪有什么“如果”？
907905371	第2900章 谁让你得罪了“命运”？
907931346	第2901章 我们回来了
908053827	第2902章 突破天地常理
908054192	第2903章 献花！
908661563	第2904章 各报安好
908662362	第2905章 人间有必要知道
908886916	第2906章 他回来了！
908906981	本卷小结
908911160	第2907章 遗忘和记得
909064965	第2908章 散装的记忆和不灭的烙印
909068614	第2909章 赌鬼倾家荡产
909234799	第2910章 二百年古都的血光之灾
909242429	第2911章 暗夜里的抓捕
909519228	第2912章 深宫夜话
909520708	第2913章 激怒九幽大帝的后果
909638369	第2914章 从今往后，申国就是苍晏最忠实的盟友
909640212	第2915章 松阳府主和柳屋
909760963	第2916章 金风玉露终相逢
909767172	第2917章 红将军的面具
909947167	第2918章 红将军与孙茯苓
909948512	第2919章 被切分的“本我”
910036146	第2920章 “道”与神格
910086869	第2921章 为龙神辩经！
910314743	第2922章 地母之战的余波
910315427	第2923章 天下熙熙，风起云涌
910490818	第2924章 东方传飞鸿
910491078	第2925章 当真是‘那位’红将军？
910704996	第2926章 潜龙在渊
910706181	第2927章 肖女官
910814155	第2928章 轻轻敲醒沉睡的心灵
910814328	第2929章 顺利得难以想象
910899034	第2930章 一切如常
910900920	第2931章 隐秘的陷阱
911153112	第2932章 至死不疑
911154689	第2933章 来呀，来战！
911263634	第2934章 偷得浮生半日闲
911264142	第2935章 双仙毕至
911409445	第2936章 二百年时光交错
911468557	第2937章 终到开诚布公之时
911694423	第2938章 元力法则的巨变
911694911	第2939章 异样的平静和潜伏的怪象
911823811	第2940章 生命神格的气息
911824854	第2941章 远方传惊雷
911895384	第2942章 一石二鸟之计
911935277	第2943章 贝迦立国以来的最大危机
911998980	第2944章 丧家之犬？
912030841	第2945章 两败俱伤！
912151588	第2946章 永不满足的野心
912217897	第2947章 同类相噬
912376817	第2948章 诸神计划的重中之重
912380675	第2949章 暴怒的太子
912631897	第2950章 有，当然有！
912647907	第2951章 撕脸互掐
912768744	第2952章 它们不会放过我
912770698	第2953章 绿霉的解法
913058206	第2954章 兵凶之危近在眼前
913063369	第2955章 不期而遇的母子会面
913177281	第2956章 津渡圣母的骄傲
913178028	第2957章 您有什么好担心的？
913306011	第2958章 返老还童药
913307533	第2959章 忙碌的霜叶
913443575	第2960章 悲痛又震惊的贝迦
913444165	第2961章 被拒绝的小绿霉
913665359	第2962章 借东西了
913665773	第2963章 一言为定
914303668	第2964章 阴魂不散
914309191	第2965章 你好，初次见面
914393496	第2966章 不速之客
914462950	第2967章 你到底是谁？
914684350	第2968章 他的真面目！
914686175	第2969章 缺失的因果链条
914811173	第2970章 英雄不问来处！
914811143	第2971章 运送神器的掮客
914943544	早上临时跑医院了
914919960	第2972章 返老还童
914953030	第2973章 旁生枝节
915079202	第2974章 赶紧吃
915161060	第2975章 红将军的售后服务
915304491	第2976章 津渡圣母的遗憾
915305784	第2977章 无所谓，只要你死！
915444798	第2978章 帮人帮到底
915447348	第2979章 纯属私人恩怨
915598972	第2980章 红将军的邀盟
915599684	第2981章 海中的生力军
915688596	第2982章 人间的终极力量
915799472	第2983章 紧迫的形势
915852483	第2984章 九幽到
915917151	第2985章 图穷匕见
916028205	第2986章 九幽的危言耸听
916028661	第2987章 倒反天罡！
916136965	第2988章 璀璨的时代，终将过去
916199641	第2989章 天下熙熙，各奔前程
916381993	第2990章 登基大典
916384220	第2991章 妖帝的最后反击
916607610	第2992章 遁走
916687983	第2993章 决绝
916775713	第2994章 加速，再加速！
916838805	第2995章 干柴烈火的局势
917009177	第2996章 没有退路了
917093166	第2997章 强强联手
917214981	第2998章 大胆的策略
917215164	第2999章 宝树王的底气
